60657,60614,60640,60647,60618,60613,60629,60625,60619,60610,60611,60620,60634,60626,60649,60616,60622,60615,60641,60660,60608,60638,60639,60630,60643,60632,60605,60645,60651,60653,60654,60612,60607,60659,60652,60631,60656,60655,60646,60642,60633
334200.0,498100.0,216500.0,122700.0,142600.0,297900.0,93400.0,148900.0,76400.0,435200.0,,71900.0,146800.0,150900.0,77400.0,160600.0,217000.0,195300.0,135700.0,166000.0,89800.0,127400.0,111200.0,150600.0,86400.0,99600.0,293500.0,164900.0,74700.0,116900.0,510000.0,100900.0,215600.0,165400.0,103700.0,180900.0,166300.0,125700.0,197300.0,224100.0,77900.0
335400.0,500900.0,216700.0,122800.0,143100.0,300400.0,94100.0,149300.0,77000.0,435200.0,,72500.0,147700.0,150100.0,77600.0,160400.0,216900.0,196600.0,136200.0,165600.0,89800.0,128300.0,111900.0,151600.0,87200.0,100100.0,293000.0,165400.0,75100.0,115700.0,510200.0,101400.0,215100.0,165300.0,104400.0,182200.0,166900.0,126300.0,198900.0,223300.0,78200.0
336500.0,503100.0,216900.0,122800.0,143400.0,302600.0,94600.0,149600.0,77400.0,435100.0,,73000.0,148300.0,149300.0,77600.0,160100.0,216900.0,197800.0,136400.0,165200.0,89800.0,129000.0,112300.0,152300.0,87600.0,100400.0,292500.0,165700.0,75400.0,114500.0,510100.0,101900.0,214500.0,165000.0,104700.0,183100.0,167200.0,126600.0,200100.0,222400.0,78300.0
337600.0,504600.0,217000.0,122700.0,143300.0,304700.0,94800.0,149700.0,77700.0,434600.0,,73300.0,148500.0,148400.0,77600.0,159800.0,216800.0,198900.0,136300.0,164800.0,89700.0,129100.0,112500.0,152600.0,87800.0,100400.0,291700.0,165600.0,75600.0,113300.0,509600.0,102300.0,213900.0,164600.0,104700.0,183500.0,167100.0,126500.0,200800.0,221500.0,78500.0
338500.0,505500.0,217100.0,122400.0,142900.0,306600.0,94700.0,149700.0,77700.0,433900.0,,73400.0,148400.0,147600.0,77500.0,159500.0,216800.0,199900.0,135800.0,164400.0,89500.0,128900.0,112500.0,152400.0,87700.0,100300.0,290900.0,165400.0,75600.0,112300.0,508800.0,102700.0,213200.0,164100.0,104400.0,183400.0,166900.0,126100.0,201000.0,220500.0,78500.0
339500.0,505700.0,217200.0,122000.0,142200.0,308400.0,94200.0,149400.0,77500.0,433100.0,,73300.0,147900.0,146700.0,77300.0,159200.0,216800.0,200800.0,135100.0,164100.0,89200.0,128200.0,112100.0,151800.0,87300.0,99900.0,290000.0,164900.0,75500.0,111400.0,507300.0,103100.0,212600.0,163500.0,103700.0,182900.0,166300.0,125400.0,200500.0,219600.0,78400.0
340400.0,505300.0,217500.0,121500.0,141300.0,310200.0,93500.0,149100.0,77200.0,432200.0,,73000.0,146900.0,146000.0,77100.0,158900.0,216900.0,201500.0,134000.0,163900.0,88800.0,127100.0,111500.0,150900.0,86500.0,99300.0,289000.0,164200.0,75300.0,110700.0,505300.0,103500.0,212000.0,162800.0,102800.0,181800.0,165400.0,124200.0,199500.0,218700.0,78300.0
341300.0,504200.0,217900.0,120900.0,140100.0,311800.0,92500.0,148500.0,76600.0,431200.0,,72600.0,145500.0,145300.0,76800.0,158700.0,217100.0,201900.0,132700.0,163800.0,88200.0,125600.0,110700.0,149600.0,85600.0,98500.0,288000.0,163300.0,74900.0,110100.0,502800.0,103800.0,211400.0,162100.0,101600.0,180400.0,164300.0,122900.0,198000.0,218100.0,78100.0
342600.0,503600.0,218600.0,120500.0,139000.0,314100.0,91600.0,148100.0,76200.0,430700.0,,72200.0,144300.0,144700.0,76500.0,158600.0,217600.0,202400.0,131500.0,163900.0,87800.0,124200.0,109900.0,148300.0,84700.0,97700.0,287100.0,162500.0,74600.0,109700.0,500800.0,104200.0,211000.0,161500.0,100500.0,179100.0,163400.0,121600.0,196600.0,217800.0,77900.0
344400.0,503400.0,219700.0,120300.0,138000.0,316600.0,90800.0,147900.0,75800.0,430500.0,,71900.0,143100.0,144400.0,76400.0,158700.0,218400.0,203100.0,130500.0,164100.0,87500.0,122900.0,109200.0,147300.0,83900.0,97000.0,286700.0,161900.0,74400.0,109500.0,499100.0,104800.0,210900.0,161100.0,99500.0,177900.0,162500.0,120400.0,195400.0,217800.0,77700.0
345700.0,502200.0,220900.0,120000.0,136800.0,318600.0,89700.0,147400.0,75200.0,430000.0,,71400.0,141700.0,144300.0,76100.0,158800.0,219200.0,203600.0,129200.0,164300.0,87100.0,121300.0,108300.0,145900.0,82900.0,96000.0,286400.0,161100.0,74000.0,109400.0,496700.0,105300.0,210800.0,160600.0,98300.0,176200.0,161400.0,119000.0,193600.0,217700.0,77500.0
346700.0,500000.0,221800.0,119500.0,135300.0,319800.0,88500.0,146700.0,74300.0,429000.0,,70700.0,139800.0,144000.0,75700.0,159000.0,219800.0,203700.0,127700.0,164400.0,86500.0,119400.0,107000.0,144100.0,81800.0,94800.0,285900.0,159900.0,73300.0,109400.0,493000.0,105700.0,210700.0,159900.0,96900.0,174100.0,160000.0,117300.0,191400.0,217700.0,77000.0
347800.0,497900.0,223000.0,119100.0,133800.0,321100.0,87300.0,146100.0,73500.0,428000.0,,70000.0,138100.0,143900.0,75400.0,159100.0,220500.0,203800.0,126300.0,164700.0,86000.0,117800.0,105900.0,142400.0,80800.0,93600.0,285600.0,158900.0,72700.0,109500.0,489300.0,106200.0,210700.0,159200.0,95600.0,172200.0,158700.0,115600.0,189300.0,217900.0,76600.0
349000.0,496300.0,224200.0,118800.0,132600.0,322200.0,86200.0,145700.0,72800.0,427200.0,,69400.0,136600.0,144000.0,75100.0,159400.0,221500.0,204000.0,125200.0,165100.0,85500.0,116400.0,104800.0,141000.0,79900.0,92500.0,285400.0,158000.0,72200.0,109700.0,485600.0,106700.0,211100.0,158700.0,94400.0,170600.0,157600.0,114200.0,187400.0,218300.0,76200.0
350400.0,495200.0,225600.0,118700.0,131500.0,323300.0,85300.0,145500.0,72100.0,426600.0,,68800.0,135200.0,144300.0,74800.0,159700.0,222700.0,204300.0,124300.0,165800.0,85200.0,115300.0,103900.0,139900.0,79300.0,91500.0,285300.0,157400.0,71700.0,110300.0,482100.0,107400.0,211600.0,158300.0,93500.0,169400.0,156800.0,113000.0,185800.0,219000.0,75800.0
352000.0,494700.0,227100.0,118700.0,130700.0,324400.0,84600.0,145400.0,71400.0,426000.0,,68300.0,134200.0,144600.0,74600.0,160100.0,224200.0,204600.0,123800.0,166700.0,85000.0,114300.0,103300.0,139000.0,79000.0,90700.0,285300.0,157000.0,71400.0,110900.0,478800.0,108200.0,212400.0,158100.0,92800.0,168600.0,156300.0,111900.0,184400.0,220100.0,75600.0
353900.0,494900.0,228800.0,118900.0,130400.0,325700.0,84000.0,145700.0,70700.0,425700.0,,67900.0,133500.0,145100.0,74500.0,160600.0,226000.0,205000.0,123600.0,167900.0,85000.0,113800.0,102800.0,138600.0,78900.0,90000.0,285300.0,157000.0,71100.0,111900.0,475700.0,109000.0,213400.0,158100.0,92300.0,168200.0,156100.0,111200.0,183500.0,221400.0,75400.0
356200.0,496200.0,230600.0,119300.0,130400.0,327100.0,83600.0,146300.0,70200.0,425700.0,,67600.0,133300.0,145900.0,74400.0,161300.0,228200.0,205500.0,123900.0,169200.0,85100.0,113700.0,102800.0,138800.0,79100.0,89600.0,285600.0,157300.0,71000.0,113000.0,472800.0,110000.0,214700.0,158400.0,92100.0,168400.0,156400.0,110800.0,183200.0,223000.0,75500.0
358800.0,498600.0,232700.0,120000.0,130900.0,328900.0,83700.0,147200.0,69900.0,426200.0,,67500.0,133700.0,146900.0,74400.0,162200.0,230700.0,206300.0,124700.0,170900.0,85400.0,114000.0,103000.0,139400.0,79700.0,89500.0,286000.0,158100.0,71100.0,114300.0,470300.0,111100.0,216200.0,158900.0,92200.0,169200.0,157300.0,110900.0,183400.0,224800.0,75600.0
361800.0,502000.0,235000.0,121000.0,131800.0,331200.0,84100.0,148500.0,69800.0,427200.0,,67700.0,134700.0,148100.0,74500.0,163200.0,233600.0,207000.0,125900.0,172900.0,86000.0,114900.0,103600.0,140600.0,80600.0,89700.0,286500.0,159200.0,71400.0,115800.0,468200.0,112300.0,218100.0,159700.0,92700.0,170500.0,158500.0,111500.0,184200.0,227100.0,75900.0
365700.0,507600.0,237900.0,122400.0,133400.0,334400.0,85100.0,150300.0,70100.0,429100.0,,68200.0,136700.0,149600.0,74800.0,164400.0,237000.0,208100.0,128000.0,175300.0,86800.0,116500.0,104800.0,142700.0,82000.0,90500.0,287500.0,160900.0,72000.0,117600.0,467400.0,113700.0,220400.0,160900.0,93800.0,172900.0,160600.0,112700.0,186000.0,230100.0,76500.0
370200.0,514900.0,241300.0,124200.0,135700.0,338400.0,86500.0,152500.0,70700.0,431700.0,,69100.0,139300.0,151500.0,75400.0,165900.0,240900.0,209600.0,130500.0,177900.0,88000.0,118600.0,106500.0,145400.0,83700.0,91600.0,289100.0,163200.0,73000.0,119500.0,467800.0,115300.0,223000.0,162500.0,95300.0,176000.0,163200.0,114500.0,188800.0,233200.0,77200.0
374700.0,522200.0,244600.0,125900.0,138100.0,342300.0,87900.0,154800.0,71500.0,434400.0,,70100.0,141900.0,153500.0,75900.0,167400.0,244800.0,211300.0,132900.0,180500.0,89200.0,120600.0,108200.0,148100.0,85400.0,92800.0,291000.0,165300.0,74000.0,121400.0,468100.0,117000.0,225700.0,164100.0,96700.0,179000.0,165700.0,116400.0,191600.0,236400.0,77900.0
378900.0,529500.0,247900.0,127500.0,140400.0,345800.0,89300.0,157100.0,72400.0,437100.0,,71200.0,144300.0,155600.0,76500.0,168800.0,248600.0,212800.0,135100.0,183100.0,90400.0,122300.0,109800.0,150600.0,87000.0,94000.0,292900.0,167300.0,75000.0,123400.0,468000.0,118600.0,228500.0,165700.0,98100.0,181800.0,168000.0,118200.0,194400.0,239600.0,78600.0
383500.0,537900.0,251300.0,129200.0,143100.0,349700.0,90800.0,159600.0,73500.0,440400.0,,72400.0,146900.0,158000.0,77200.0,170400.0,252600.0,214500.0,137500.0,186000.0,91800.0,124100.0,111500.0,153200.0,88700.0,95500.0,295200.0,169600.0,76100.0,125500.0,468500.0,120300.0,231700.0,167400.0,99600.0,184900.0,170500.0,120300.0,197700.0,242900.0,79500.0
388300.0,546900.0,254800.0,131000.0,146000.0,353800.0,92300.0,162100.0,74800.0,443900.0,,73700.0,149500.0,160400.0,78000.0,171900.0,256700.0,216400.0,139900.0,189000.0,93300.0,125800.0,113300.0,155900.0,90400.0,97000.0,297800.0,171800.0,77300.0,127600.0,469500.0,122100.0,235100.0,169300.0,101200.0,187900.0,173000.0,122400.0,201300.0,246400.0,80300.0
393300.0,556400.0,258500.0,132800.0,149100.0,358100.0,93700.0,164800.0,76300.0,447700.0,,75200.0,151900.0,163100.0,78900.0,173400.0,261100.0,218500.0,142100.0,192300.0,94900.0,127500.0,115000.0,158400.0,92000.0,98700.0,300500.0,174000.0,78500.0,129900.0,470900.0,124000.0,238600.0,171300.0,102700.0,190900.0,175300.0,124500.0,205100.0,250100.0,81200.0
398500.0,566100.0,262300.0,134600.0,152300.0,362500.0,95200.0,167500.0,77800.0,451800.0,,76600.0,154100.0,165800.0,79700.0,174900.0,265600.0,220700.0,144200.0,195700.0,96600.0,129100.0,116600.0,160700.0,93400.0,100400.0,303400.0,176300.0,79800.0,132200.0,472700.0,125900.0,242300.0,173300.0,104200.0,194000.0,177500.0,126500.0,209200.0,253800.0,82100.0
403800.0,575600.0,266100.0,136400.0,155500.0,367100.0,96700.0,170200.0,79500.0,456200.0,,78200.0,156000.0,168700.0,80600.0,176400.0,270300.0,223000.0,146100.0,199300.0,98300.0,130700.0,118100.0,162900.0,94700.0,102100.0,306300.0,178500.0,81000.0,134600.0,474900.0,127700.0,246000.0,175400.0,105700.0,196800.0,179500.0,128300.0,213300.0,257400.0,83000.0
409100.0,584800.0,269900.0,138200.0,158600.0,371900.0,98100.0,172800.0,81000.0,460900.0,,79600.0,157700.0,171500.0,81500.0,177800.0,275100.0,225300.0,147800.0,203000.0,100000.0,132200.0,119400.0,164800.0,95800.0,103700.0,309200.0,180500.0,82100.0,137100.0,477200.0,129600.0,249800.0,177400.0,107000.0,199500.0,181200.0,129900.0,217400.0,261100.0,83900.0
414600.0,593500.0,273900.0,139900.0,161500.0,377000.0,99400.0,175400.0,82500.0,465800.0,,81000.0,159100.0,174500.0,82400.0,179300.0,280000.0,227700.0,149200.0,206900.0,101700.0,133500.0,120600.0,166500.0,96600.0,105200.0,312300.0,182600.0,83200.0,139700.0,479900.0,131500.0,253700.0,179400.0,108300.0,202100.0,182700.0,131200.0,221200.0,264700.0,84700.0
420100.0,601600.0,277900.0,141600.0,164100.0,382300.0,100500.0,177800.0,83900.0,471100.0,,82200.0,160100.0,177600.0,83400.0,180800.0,285000.0,230000.0,150400.0,211000.0,103300.0,134600.0,121500.0,167700.0,97100.0,106600.0,315300.0,184600.0,84100.0,142300.0,482900.0,133400.0,257600.0,181400.0,109200.0,204400.0,184000.0,132200.0,224700.0,268600.0,85500.0
426200.0,610100.0,282400.0,143400.0,166600.0,388600.0,101500.0,180400.0,85300.0,477200.0,,83400.0,161100.0,180800.0,84500.0,182300.0,290400.0,232500.0,151600.0,215200.0,105000.0,135600.0,122600.0,169000.0,97500.0,107800.0,318500.0,186700.0,85200.0,144900.0,487100.0,135300.0,261600.0,183500.0,110200.0,206700.0,185300.0,133200.0,228200.0,272700.0,86300.0
432600.0,618600.0,287200.0,145300.0,169000.0,395300.0,102200.0,183000.0,86500.0,483700.0,,84500.0,161900.0,184100.0,85600.0,183900.0,295900.0,235200.0,152700.0,219300.0,106500.0,136600.0,123600.0,170100.0,97800.0,108900.0,322200.0,189000.0,86200.0,147500.0,492100.0,137400.0,265700.0,185700.0,111000.0,209000.0,186700.0,134100.0,231500.0,276800.0,87200.0
438600.0,625600.0,292000.0,147000.0,170600.0,401600.0,102600.0,185200.0,87300.0,490100.0,,85200.0,162300.0,187400.0,86700.0,185400.0,301100.0,237700.0,153300.0,223100.0,107800.0,137000.0,124300.0,170700.0,97600.0,109600.0,326000.0,191000.0,87000.0,150000.0,497000.0,139400.0,269700.0,187700.0,111400.0,210600.0,187700.0,134500.0,233900.0,280500.0,87800.0
444200.0,631100.0,296500.0,148400.0,171600.0,407400.0,102500.0,187200.0,87800.0,496300.0,,85500.0,162100.0,190500.0,87800.0,186900.0,305900.0,240000.0,153500.0,226900.0,108800.0,136900.0,124700.0,170800.0,97100.0,109900.0,329600.0,192600.0,87500.0,152500.0,501700.0,141200.0,273500.0,189600.0,111400.0,211500.0,188200.0,134400.0,235300.0,284000.0,88300.0
450000.0,636600.0,301200.0,149700.0,172500.0,413500.0,102400.0,189300.0,88100.0,502900.0,,85700.0,162000.0,193800.0,88800.0,188300.0,310700.0,242400.0,153800.0,230600.0,109800.0,136800.0,125100.0,170800.0,96600.0,110000.0,333500.0,194300.0,88100.0,154900.0,507000.0,143100.0,277400.0,191400.0,111300.0,212400.0,189000.0,134400.0,236500.0,287500.0,88700.0
455900.0,642100.0,305900.0,151100.0,173400.0,419600.0,102300.0,191400.0,88400.0,509700.0,,85800.0,162100.0,197000.0,89800.0,189700.0,315400.0,244800.0,154000.0,234400.0,110700.0,136700.0,125400.0,170900.0,96000.0,110100.0,337400.0,196100.0,88700.0,157300.0,513000.0,145000.0,281300.0,193300.0,111100.0,213300.0,189900.0,134300.0,237400.0,291000.0,89000.0
462100.0,647600.0,310700.0,152500.0,174200.0,425700.0,102300.0,193600.0,88600.0,516500.0,,85900.0,162300.0,200300.0,90900.0,191000.0,320000.0,247100.0,154400.0,238200.0,111500.0,136600.0,125900.0,171100.0,95700.0,110100.0,341300.0,197800.0,89400.0,159800.0,519600.0,146900.0,285200.0,195200.0,111000.0,214400.0,191000.0,134300.0,238300.0,294400.0,89300.0
468500.0,653300.0,315500.0,153900.0,175300.0,431900.0,102400.0,196000.0,88800.0,523500.0,,86000.0,162800.0,203500.0,91900.0,192300.0,324800.0,249500.0,154900.0,242200.0,112200.0,136700.0,126500.0,171600.0,95400.0,110200.0,345200.0,199600.0,90200.0,162300.0,526900.0,148800.0,289100.0,197200.0,110900.0,215600.0,192300.0,134400.0,239300.0,297900.0,89700.0
475300.0,659300.0,320500.0,155500.0,176600.0,438300.0,102800.0,198600.0,89100.0,530600.0,,86200.0,163600.0,206700.0,92800.0,193500.0,329700.0,251900.0,155700.0,246200.0,112900.0,136900.0,127200.0,172400.0,95400.0,110400.0,349000.0,201500.0,91100.0,165000.0,534600.0,150800.0,293000.0,199300.0,111000.0,217000.0,193800.0,134600.0,240400.0,301300.0,90000.0
482500.0,665800.0,325600.0,157100.0,178200.0,445100.0,103400.0,201300.0,89400.0,537800.0,,86500.0,164700.0,209900.0,93700.0,194800.0,334600.0,254100.0,156600.0,250300.0,113600.0,137300.0,128200.0,173600.0,95600.0,110700.0,352700.0,203600.0,92200.0,167800.0,542800.0,152700.0,296800.0,201500.0,111200.0,218600.0,195600.0,135000.0,241700.0,304800.0,90400.0
490200.0,672900.0,330800.0,159000.0,180200.0,452300.0,104200.0,204300.0,89800.0,545300.0,,87000.0,166100.0,213200.0,94600.0,196100.0,339500.0,256300.0,157800.0,254600.0,114300.0,137900.0,129300.0,175100.0,96000.0,111300.0,356400.0,205800.0,93500.0,170600.0,551400.0,154700.0,300600.0,203800.0,111500.0,220500.0,197500.0,135600.0,243400.0,308300.0,90900.0
498200.0,680500.0,336300.0,161000.0,182600.0,460000.0,105100.0,207400.0,90400.0,552900.0,,87600.0,167700.0,216500.0,95500.0,197500.0,344600.0,258400.0,159300.0,259100.0,115100.0,138700.0,130500.0,177100.0,96600.0,112000.0,360000.0,208200.0,94800.0,173600.0,560900.0,156700.0,304300.0,206300.0,112100.0,222600.0,199700.0,136300.0,245300.0,312100.0,91400.0
507200.0,689600.0,342200.0,163500.0,185700.0,468900.0,106400.0,210800.0,91200.0,561200.0,,88400.0,169900.0,220000.0,96400.0,199000.0,350000.0,260400.0,161300.0,263800.0,116000.0,139900.0,132200.0,179700.0,97600.0,113000.0,363900.0,210900.0,96400.0,176600.0,571900.0,158800.0,308200.0,209000.0,113000.0,225100.0,202300.0,137300.0,248100.0,316400.0,92100.0
516800.0,699700.0,348600.0,166400.0,189400.0,478500.0,108000.0,214700.0,92200.0,569900.0,,89500.0,172400.0,223600.0,97500.0,200600.0,355600.0,262800.0,163600.0,268400.0,117100.0,141500.0,134300.0,182700.0,99000.0,114200.0,368400.0,213900.0,98200.0,179600.0,584200.0,161100.0,312100.0,212000.0,114200.0,228100.0,205200.0,138600.0,251500.0,320800.0,92900.0
526300.0,709300.0,354900.0,169300.0,193200.0,487800.0,109500.0,218400.0,93100.0,578300.0,,90700.0,174900.0,227300.0,98500.0,202100.0,360900.0,265200.0,165900.0,272900.0,118100.0,142800.0,136200.0,185800.0,100300.0,115400.0,373200.0,216800.0,99900.0,182600.0,596500.0,163400.0,315800.0,215000.0,115300.0,230800.0,207800.0,139700.0,254700.0,325000.0,93600.0
535300.0,718300.0,360800.0,172200.0,197000.0,496500.0,110900.0,221900.0,93900.0,586400.0,,91600.0,177300.0,230700.0,99500.0,203600.0,365700.0,267300.0,168100.0,277200.0,119100.0,144100.0,138000.0,188700.0,101500.0,116500.0,378000.0,219500.0,101500.0,185400.0,608900.0,165500.0,319300.0,217900.0,116300.0,233200.0,210200.0,140500.0,257700.0,329000.0,94200.0
544500.0,727600.0,366700.0,175300.0,201200.0,505400.0,112300.0,225500.0,94900.0,594700.0,,92500.0,179800.0,234100.0,100400.0,205000.0,370400.0,269300.0,170400.0,281500.0,120100.0,145400.0,139900.0,191900.0,102900.0,117600.0,383000.0,222100.0,102900.0,188100.0,622100.0,167600.0,322900.0,220900.0,117400.0,235600.0,212600.0,141300.0,260700.0,333100.0,94900.0
553500.0,737100.0,372500.0,178600.0,205700.0,514100.0,113700.0,229100.0,95800.0,602800.0,,93400.0,182300.0,237300.0,101400.0,206300.0,374800.0,271400.0,172900.0,285900.0,121200.0,146700.0,141900.0,195200.0,104300.0,118800.0,388200.0,224700.0,104200.0,190700.0,636000.0,169700.0,326300.0,223900.0,118500.0,238100.0,215000.0,142100.0,263800.0,337200.0,95500.0
562400.0,746600.0,378000.0,182100.0,210500.0,522500.0,115100.0,232700.0,96700.0,610700.0,,94100.0,184900.0,240400.0,102300.0,207600.0,379200.0,273500.0,175400.0,290300.0,122200.0,148100.0,143800.0,198600.0,105700.0,120000.0,393300.0,227100.0,105500.0,193300.0,650500.0,171800.0,329600.0,226900.0,119600.0,240500.0,217400.0,142700.0,266900.0,341400.0,96100.0
571200.0,756200.0,383300.0,185600.0,215500.0,530500.0,116400.0,236100.0,97600.0,618500.0,,94800.0,187600.0,243200.0,103200.0,208700.0,383500.0,275500.0,178000.0,294700.0,123400.0,149400.0,145900.0,201900.0,107100.0,121200.0,398300.0,229500.0,106600.0,195900.0,665500.0,173800.0,332900.0,229900.0,120600.0,242800.0,219700.0,143300.0,269900.0,345500.0,96800.0
579800.0,765800.0,388600.0,189300.0,220500.0,538300.0,117700.0,239400.0,98500.0,626200.0,,95300.0,190200.0,245900.0,104100.0,209900.0,387900.0,277600.0,180500.0,299200.0,124500.0,150800.0,147900.0,205200.0,108300.0,122400.0,403200.0,231800.0,107600.0,198500.0,680700.0,175700.0,336000.0,233000.0,121500.0,244900.0,222100.0,143700.0,272700.0,349600.0,97400.0
588100.0,775100.0,393700.0,193000.0,225500.0,545900.0,118800.0,242700.0,99400.0,633800.0,,95800.0,192700.0,248400.0,104800.0,211000.0,392100.0,279500.0,183100.0,303700.0,125600.0,152100.0,149900.0,208300.0,109500.0,123600.0,407800.0,234000.0,108400.0,201000.0,695600.0,177500.0,338900.0,235900.0,122500.0,246900.0,224300.0,144100.0,275400.0,353700.0,98000.0
596300.0,784400.0,398700.0,196700.0,230300.0,553600.0,119800.0,245800.0,100300.0,641400.0,,96100.0,195200.0,250800.0,105500.0,212200.0,396400.0,281400.0,185600.0,308200.0,126800.0,153300.0,151900.0,211200.0,110500.0,124700.0,412200.0,236200.0,109100.0,203500.0,710400.0,179300.0,341800.0,238800.0,123400.0,248700.0,226600.0,144500.0,278000.0,357900.0,98600.0
604200.0,793500.0,403800.0,200500.0,234900.0,561300.0,120800.0,248600.0,101100.0,649100.0,,96400.0,197500.0,253100.0,106200.0,213300.0,400800.0,283000.0,188100.0,312900.0,128000.0,154500.0,154000.0,214000.0,111400.0,125900.0,416200.0,238300.0,109800.0,205900.0,725200.0,180900.0,344500.0,241600.0,124200.0,250400.0,228800.0,144900.0,280300.0,362300.0,99200.0
612200.0,803000.0,409000.0,204300.0,239400.0,569500.0,121800.0,251500.0,101900.0,657000.0,,96600.0,200000.0,255200.0,106900.0,214500.0,405100.0,284700.0,190800.0,317400.0,129300.0,155700.0,156100.0,216700.0,112400.0,127200.0,420200.0,240500.0,110500.0,208200.0,740700.0,182400.0,347200.0,244500.0,125000.0,252100.0,231000.0,145500.0,282700.0,367000.0,99900.0
620200.0,812500.0,414400.0,208000.0,243500.0,577800.0,122900.0,254300.0,102700.0,664900.0,,96900.0,202300.0,257400.0,107800.0,215800.0,409500.0,286400.0,193400.0,321500.0,130800.0,156900.0,158400.0,219300.0,113400.0,128600.0,424400.0,242800.0,111200.0,210200.0,756200.0,184000.0,349800.0,247400.0,125900.0,253800.0,233200.0,146200.0,285200.0,371400.0,100500.0
627700.0,821200.0,419700.0,211400.0,247100.0,585600.0,123900.0,257000.0,103200.0,672600.0,,97200.0,204500.0,259700.0,108600.0,217200.0,413500.0,288400.0,195900.0,325100.0,132100.0,158000.0,160500.0,221600.0,114300.0,129900.0,428800.0,244900.0,111900.0,212000.0,771000.0,185500.0,352200.0,250200.0,126700.0,255300.0,235200.0,146900.0,287200.0,375500.0,101100.0
634500.0,829200.0,424900.0,214500.0,250000.0,592700.0,124800.0,259400.0,103500.0,680000.0,,97500.0,206400.0,261700.0,109400.0,218500.0,417100.0,290100.0,198100.0,328600.0,133400.0,158800.0,162500.0,223500.0,115100.0,131000.0,433000.0,246700.0,112500.0,213600.0,785000.0,186900.0,354600.0,252700.0,127300.0,256400.0,236900.0,147500.0,288900.0,379400.0,101500.0
641000.0,837000.0,429800.0,217400.0,252700.0,599400.0,125800.0,261800.0,103800.0,687400.0,,97700.0,208500.0,263700.0,110300.0,219800.0,420400.0,291900.0,200300.0,331700.0,134800.0,159700.0,164400.0,225300.0,115900.0,132000.0,437300.0,248600.0,113300.0,214900.0,798800.0,188300.0,357000.0,255200.0,128000.0,257600.0,238600.0,148100.0,290300.0,383200.0,101800.0
647000.0,844400.0,434500.0,220000.0,254900.0,605600.0,126700.0,264000.0,103900.0,694400.0,,98000.0,210600.0,265500.0,111200.0,221000.0,423400.0,293600.0,202600.0,334600.0,136200.0,160600.0,166300.0,227000.0,116700.0,133100.0,441400.0,250200.0,114100.0,216000.0,812300.0,189600.0,359300.0,257600.0,128600.0,258900.0,240100.0,148900.0,291600.0,386800.0,102200.0
652700.0,851600.0,438900.0,222400.0,256800.0,611100.0,127700.0,266300.0,104100.0,701200.0,,98500.0,212800.0,267300.0,112200.0,222200.0,426200.0,295300.0,204900.0,337400.0,137500.0,161500.0,168100.0,228700.0,117500.0,134000.0,445300.0,251900.0,115000.0,217100.0,825400.0,190900.0,361700.0,259900.0,129300.0,260400.0,241500.0,149600.0,292800.0,390200.0,102500.0
658100.0,858600.0,443100.0,224500.0,258500.0,616000.0,128700.0,268500.0,104300.0,707600.0,,99000.0,215000.0,269000.0,113200.0,223400.0,429000.0,297200.0,207200.0,340000.0,138900.0,162400.0,169900.0,230400.0,118200.0,135000.0,448800.0,253600.0,116000.0,218000.0,838100.0,192200.0,363900.0,262100.0,129900.0,261900.0,242900.0,150400.0,293800.0,393300.0,102700.0
663300.0,865300.0,447200.0,226400.0,260000.0,620500.0,129700.0,270600.0,104500.0,713800.0,,99600.0,217400.0,270700.0,114100.0,224700.0,431900.0,299000.0,209500.0,342500.0,140300.0,163400.0,171500.0,232100.0,118900.0,135900.0,451700.0,255400.0,117100.0,219000.0,850000.0,193600.0,366200.0,264200.0,130600.0,263700.0,244300.0,151200.0,294800.0,396100.0,103000.0
668400.0,871800.0,451200.0,228200.0,261500.0,624900.0,130700.0,272600.0,104900.0,720000.0,,100300.0,219700.0,272500.0,115100.0,226000.0,434900.0,300900.0,212000.0,344900.0,141700.0,164400.0,173200.0,233900.0,119400.0,136700.0,454400.0,257200.0,118200.0,220000.0,860700.0,195000.0,368400.0,266400.0,131300.0,265400.0,245600.0,152100.0,295800.0,398700.0,103300.0
673400.0,878200.0,455200.0,230000.0,262900.0,629500.0,131700.0,274700.0,105400.0,726200.0,,100900.0,222100.0,274300.0,116100.0,227400.0,438000.0,302900.0,214600.0,347500.0,143100.0,165500.0,174900.0,235700.0,119900.0,137700.0,457000.0,259200.0,119400.0,221000.0,870600.0,196500.0,370600.0,268400.0,131900.0,267300.0,247000.0,153000.0,297100.0,401200.0,103600.0
678300.0,884700.0,459200.0,231900.0,264200.0,634400.0,132800.0,276600.0,106100.0,732500.0,,101600.0,224400.0,276300.0,117100.0,229000.0,441100.0,304800.0,217200.0,350000.0,144600.0,166600.0,176700.0,237400.0,120300.0,138600.0,459200.0,261200.0,120600.0,222100.0,880100.0,197900.0,372800.0,270500.0,132700.0,269100.0,248300.0,154100.0,298600.0,403800.0,104000.0
683200.0,891300.0,463300.0,233800.0,265400.0,639800.0,133900.0,278500.0,107100.0,738700.0,,102400.0,226800.0,278300.0,118200.0,230500.0,444200.0,306700.0,219800.0,352300.0,146200.0,167800.0,178500.0,239100.0,120600.0,139700.0,461300.0,263500.0,121800.0,223000.0,890200.0,199300.0,375000.0,272600.0,133500.0,271100.0,249800.0,155300.0,300600.0,406600.0,104400.0
688300.0,898000.0,467700.0,235800.0,266600.0,645300.0,135000.0,280600.0,108300.0,745000.0,,103300.0,229100.0,280500.0,119400.0,232300.0,447400.0,308900.0,222400.0,354200.0,147800.0,169100.0,180500.0,240900.0,120900.0,140800.0,463900.0,266000.0,123100.0,223700.0,900500.0,201000.0,377100.0,274800.0,134500.0,273200.0,251300.0,156600.0,303000.0,409000.0,104900.0
693300.0,904700.0,472300.0,237900.0,267900.0,650600.0,136100.0,282800.0,109500.0,751300.0,,104200.0,231300.0,283100.0,120700.0,234200.0,450500.0,311600.0,224800.0,355700.0,149400.0,170300.0,182500.0,242600.0,121100.0,142000.0,467200.0,268700.0,124200.0,224300.0,910300.0,202900.0,379200.0,277000.0,135400.0,275300.0,252800.0,158100.0,305700.0,410900.0,105400.0
698000.0,911200.0,476700.0,239900.0,269100.0,655500.0,137300.0,285000.0,110800.0,757600.0,,105200.0,233400.0,285800.0,122000.0,236300.0,453300.0,314300.0,227000.0,357100.0,151000.0,171600.0,184500.0,244100.0,121200.0,143100.0,470700.0,271500.0,125300.0,224800.0,919600.0,204900.0,381400.0,279100.0,136300.0,277300.0,254100.0,159600.0,308400.0,412600.0,105700.0
702400.0,917600.0,480800.0,242000.0,270300.0,660000.0,138500.0,287300.0,112200.0,763800.0,,106100.0,235300.0,288600.0,123500.0,238300.0,455700.0,317200.0,229100.0,358400.0,152600.0,172800.0,186500.0,245600.0,121200.0,144400.0,474600.0,274300.0,126300.0,225000.0,928700.0,206900.0,383700.0,281200.0,137300.0,279200.0,255500.0,161100.0,311400.0,414100.0,106100.0
706400.0,923800.0,484500.0,244000.0,271500.0,663700.0,139800.0,289700.0,113500.0,769500.0,,107000.0,237200.0,291300.0,124900.0,240200.0,457800.0,320300.0,231100.0,359600.0,154200.0,174000.0,188400.0,247100.0,121200.0,145600.0,478500.0,277000.0,127200.0,225200.0,937700.0,209100.0,386100.0,283200.0,138200.0,281100.0,256700.0,162500.0,314300.0,415200.0,106500.0
710200.0,929800.0,488100.0,246000.0,272800.0,666800.0,141100.0,292200.0,114600.0,774900.0,,107800.0,239000.0,294000.0,126400.0,242200.0,459900.0,323600.0,232900.0,360900.0,155700.0,175200.0,190300.0,248500.0,121400.0,146900.0,482400.0,279900.0,128000.0,225500.0,946700.0,211300.0,388500.0,285300.0,139100.0,283000.0,258000.0,163800.0,317200.0,416200.0,106800.0
714000.0,935700.0,491400.0,247900.0,274200.0,669400.0,142500.0,294800.0,115700.0,780100.0,,108700.0,240700.0,296800.0,127700.0,244000.0,462000.0,327000.0,234500.0,362400.0,157300.0,176400.0,192100.0,250000.0,121600.0,148200.0,486100.0,282700.0,128800.0,225900.0,955700.0,213700.0,390900.0,287300.0,140000.0,284900.0,259300.0,165000.0,320100.0,417000.0,107100.0
717800.0,941400.0,494700.0,249900.0,275900.0,671500.0,144000.0,297400.0,116700.0,785000.0,,109600.0,242300.0,299600.0,128900.0,245900.0,464400.0,330500.0,236000.0,364000.0,158900.0,177600.0,193900.0,251400.0,121900.0,149600.0,489400.0,285700.0,129500.0,226500.0,963900.0,216100.0,393200.0,289300.0,140800.0,286700.0,260600.0,166100.0,322800.0,417600.0,107400.0
721700.0,947100.0,498000.0,251900.0,277800.0,673800.0,145500.0,300200.0,117600.0,790000.0,,110600.0,243900.0,302400.0,130100.0,248000.0,467000.0,334100.0,237500.0,365900.0,160400.0,178900.0,195600.0,253000.0,122300.0,150900.0,492400.0,288900.0,130200.0,227300.0,971300.0,218500.0,395600.0,291300.0,141600.0,288700.0,261900.0,167200.0,325400.0,418100.0,107800.0
725700.0,952800.0,501300.0,254000.0,279900.0,676700.0,147100.0,302900.0,118300.0,795300.0,,111500.0,245500.0,305200.0,131100.0,250000.0,469800.0,337300.0,239000.0,368200.0,161900.0,180300.0,197300.0,254800.0,122900.0,152300.0,494900.0,292100.0,130800.0,228300.0,978300.0,220800.0,398000.0,293300.0,142400.0,290700.0,263500.0,168300.0,327900.0,419000.0,108300.0
729900.0,958900.0,505200.0,256400.0,282100.0,679100.0,148800.0,306000.0,119100.0,800100.0,,112400.0,247100.0,308900.0,132200.0,252700.0,473000.0,342300.0,240600.0,370800.0,163600.0,181800.0,199300.0,256600.0,123600.0,153800.0,499100.0,296100.0,131500.0,229300.0,984500.0,224400.0,400600.0,295400.0,143300.0,292700.0,265200.0,169500.0,330400.0,418600.0,108900.0
733400.0,965100.0,509100.0,259100.0,284500.0,680500.0,150600.0,309300.0,119800.0,803900.0,,113300.0,248700.0,313800.0,133200.0,256000.0,476400.0,348400.0,242200.0,375300.0,165200.0,183300.0,201300.0,258700.0,124300.0,155300.0,503600.0,300200.0,132100.0,231400.0,989200.0,228700.0,403300.0,297400.0,144200.0,294900.0,266900.0,170700.0,332800.0,417700.0,109500.0
735600.0,971000.0,511900.0,262000.0,286800.0,681600.0,152300.0,311900.0,120400.0,806700.0,,113800.0,250200.0,318400.0,134200.0,259200.0,479500.0,352800.0,243800.0,382100.0,166600.0,185000.0,203100.0,260800.0,125100.0,156600.0,505100.0,303500.0,132500.0,235100.0,992900.0,232000.0,405500.0,299100.0,145000.0,297100.0,268600.0,171700.0,334700.0,418200.0,110200.0
737200.0,976400.0,513800.0,264600.0,288800.0,683300.0,153900.0,313800.0,120700.0,808200.0,,114000.0,251600.0,321500.0,135200.0,262000.0,482200.0,354900.0,245600.0,389000.0,167900.0,187000.0,204700.0,262900.0,126100.0,157800.0,503200.0,305900.0,132800.0,239700.0,996800.0,233600.0,407100.0,300800.0,145900.0,299700.0,270200.0,172400.0,336100.0,420400.0,111100.0
739000.0,981400.0,515400.0,266900.0,290800.0,685600.0,155400.0,315600.0,120900.0,808400.0,,114100.0,253000.0,323800.0,136000.0,265000.0,485300.0,356800.0,247600.0,394600.0,169100.0,189100.0,206300.0,265000.0,127200.0,158800.0,500800.0,308100.0,133100.0,244300.0,1001300.0,235100.0,408100.0,302600.0,146900.0,302600.0,271800.0,173200.0,337600.0,422100.0,112300.0
740900.0,985700.0,516700.0,269200.0,292900.0,688400.0,156800.0,317300.0,121200.0,807200.0,,114300.0,254300.0,325400.0,136600.0,268100.0,489000.0,357700.0,249600.0,399500.0,170100.0,191400.0,207900.0,267100.0,128100.0,159900.0,498200.0,310000.0,133500.0,249100.0,1005900.0,236100.0,408200.0,304300.0,147900.0,305600.0,273500.0,174000.0,339200.0,423400.0,113500.0
742700.0,989400.0,518300.0,271600.0,295000.0,691900.0,158100.0,318800.0,121500.0,805700.0,,114600.0,255700.0,326700.0,136600.0,271400.0,492700.0,357400.0,251800.0,403200.0,171300.0,193700.0,209600.0,268900.0,129000.0,161100.0,496300.0,311700.0,134100.0,253400.0,1010700.0,236800.0,407700.0,305800.0,149000.0,308200.0,275200.0,174900.0,340600.0,424200.0,114600.0
744400.0,992900.0,520700.0,274200.0,297200.0,696100.0,159400.0,320100.0,121900.0,805200.0,,115000.0,257100.0,328200.0,136300.0,275100.0,495500.0,355900.0,254000.0,405800.0,172700.0,196200.0,211600.0,270700.0,129900.0,162500.0,495500.0,313400.0,134900.0,257000.0,1015500.0,237400.0,407100.0,307200.0,150300.0,310600.0,277100.0,176200.0,342100.0,424800.0,115700.0
746000.0,996800.0,524200.0,276700.0,299300.0,701000.0,160700.0,321000.0,122500.0,806500.0,,115600.0,258600.0,330100.0,136000.0,278900.0,497000.0,353800.0,256400.0,407500.0,174300.0,198700.0,213900.0,272500.0,130600.0,164200.0,495800.0,315100.0,136100.0,259600.0,1020100.0,238000.0,406900.0,308500.0,151700.0,312600.0,279200.0,178000.0,343700.0,425400.0,116700.0
747200.0,1000800.0,528300.0,279100.0,301200.0,706200.0,162000.0,321600.0,123100.0,809500.0,,116300.0,260200.0,332200.0,136200.0,282800.0,497200.0,352300.0,258700.0,408300.0,176000.0,201300.0,216500.0,274100.0,131400.0,166000.0,496600.0,316700.0,137600.0,261500.0,1023900.0,238700.0,407500.0,310100.0,153300.0,314600.0,281500.0,180400.0,345500.0,426200.0,117700.0
748000.0,1004600.0,532700.0,281500.0,303300.0,711600.0,163400.0,322200.0,123700.0,813800.0,,117100.0,262000.0,334500.0,137000.0,286700.0,497000.0,352000.0,261000.0,408400.0,177800.0,203900.0,219300.0,275500.0,132200.0,167700.0,498200.0,318400.0,139300.0,263200.0,1026800.0,239600.0,409100.0,312100.0,155100.0,316900.0,283900.0,183400.0,347900.0,427600.0,118600.0
749000.0,1008000.0,537000.0,283800.0,305600.0,717200.0,164900.0,323500.0,124200.0,818100.0,,118000.0,263900.0,336800.0,138100.0,290400.0,497000.0,353400.0,263000.0,407700.0,179600.0,206500.0,222100.0,276900.0,133100.0,169400.0,500500.0,320200.0,141200.0,265200.0,1028500.0,240900.0,411700.0,314500.0,156900.0,319500.0,286400.0,186600.0,350700.0,429400.0,119500.0
750200.0,1010600.0,540800.0,285900.0,308400.0,722800.0,166400.0,325700.0,124600.0,821800.0,,119000.0,265900.0,338200.0,139400.0,293800.0,497500.0,355500.0,264900.0,406400.0,181400.0,208900.0,224800.0,278400.0,133900.0,171000.0,503100.0,321800.0,143000.0,267700.0,1029500.0,242300.0,415000.0,317100.0,158700.0,322600.0,288900.0,189500.0,353800.0,431400.0,120300.0
752300.0,1012600.0,544200.0,287700.0,311700.0,728100.0,167900.0,329100.0,125000.0,824300.0,,120100.0,268000.0,338900.0,140400.0,296800.0,498400.0,358000.0,266600.0,404800.0,183400.0,211200.0,227400.0,279900.0,134600.0,172500.0,506200.0,323200.0,144800.0,270300.0,1030800.0,243600.0,418800.0,319600.0,160200.0,325900.0,291400.0,192100.0,356700.0,433300.0,120900.0
755300.0,1014500.0,547200.0,289400.0,315400.0,732800.0,169600.0,333300.0,125500.0,825900.0,,121300.0,270200.0,339500.0,141000.0,299200.0,499700.0,360700.0,268300.0,403900.0,185700.0,213500.0,229800.0,281500.0,135300.0,174200.0,510000.0,324800.0,146800.0,272700.0,1033600.0,245400.0,422900.0,322000.0,161600.0,329200.0,294200.0,194400.0,359600.0,434800.0,121400.0
759200.0,1017000.0,550200.0,291300.0,319500.0,736800.0,171500.0,338000.0,126400.0,826700.0,,122600.0,272600.0,340800.0,141500.0,301100.0,501400.0,363600.0,270100.0,404400.0,188500.0,215700.0,232300.0,283400.0,135800.0,176000.0,514100.0,326700.0,148900.0,275000.0,1038300.0,247600.0,427200.0,324300.0,162800.0,332500.0,297300.0,196400.0,362200.0,436000.0,122000.0
764000.0,1020500.0,553200.0,293800.0,324100.0,740700.0,173400.0,342900.0,127500.0,827400.0,,124000.0,275200.0,343000.0,141800.0,302700.0,503700.0,366600.0,272200.0,406500.0,191700.0,218100.0,234800.0,285800.0,136400.0,178000.0,517700.0,329200.0,151100.0,277800.0,1044500.0,250000.0,431600.0,326700.0,164200.0,335700.0,300700.0,198400.0,364800.0,437600.0,122700.0
769600.0,1024900.0,555900.0,296700.0,329000.0,744700.0,175400.0,348000.0,128900.0,828900.0,,125500.0,278000.0,346300.0,142500.0,304400.0,506600.0,370000.0,274600.0,410000.0,194900.0,220500.0,237600.0,288700.0,137300.0,180400.0,520600.0,332100.0,153300.0,281600.0,1050800.0,252600.0,435800.0,329400.0,165600.0,338900.0,304300.0,200600.0,367600.0,439600.0,123600.0
775600.0,1029800.0,557700.0,300100.0,334000.0,748800.0,177500.0,353000.0,130400.0,831700.0,,126900.0,281000.0,350400.0,143700.0,306800.0,510000.0,373900.0,277200.0,414700.0,198000.0,223100.0,240700.0,292100.0,138300.0,182900.0,522500.0,335400.0,155400.0,286400.0,1055400.0,255100.0,439900.0,332500.0,167200.0,342100.0,307900.0,203100.0,370600.0,442000.0,124800.0
781900.0,1035100.0,558600.0,303600.0,339000.0,753100.0,179700.0,358200.0,131900.0,836000.0,,128300.0,284100.0,354800.0,145600.0,310200.0,514000.0,378200.0,280100.0,420500.0,200700.0,225800.0,243900.0,296000.0,139600.0,185500.0,523800.0,339000.0,157400.0,291900.0,1057300.0,257500.0,444000.0,336000.0,168900.0,345400.0,311300.0,206000.0,374000.0,444600.0,126200.0
787900.0,1040500.0,559200.0,307300.0,343900.0,757300.0,181900.0,363300.0,133400.0,841000.0,,129600.0,287300.0,359300.0,148000.0,314300.0,518700.0,382800.0,283100.0,426900.0,203100.0,228500.0,247100.0,300200.0,140900.0,188300.0,525100.0,342500.0,159200.0,297900.0,1056900.0,259800.0,447900.0,339800.0,170700.0,348700.0,314500.0,209000.0,377900.0,447100.0,127500.0
793200.0,1046000.0,560300.0,311000.0,348500.0,761200.0,184000.0,368300.0,135100.0,845700.0,,130700.0,290400.0,363500.0,150800.0,318700.0,523700.0,387500.0,286200.0,433100.0,205500.0,231200.0,250200.0,304400.0,142400.0,191100.0,526800.0,345800.0,160800.0,303700.0,1057400.0,262200.0,451500.0,343400.0,172400.0,352100.0,317500.0,211700.0,382100.0,449000.0,128700.0
798200.0,1052100.0,562700.0,314600.0,352600.0,764300.0,186100.0,373200.0,136900.0,849700.0,,131800.0,293400.0,367300.0,153500.0,323000.0,528900.0,392200.0,289600.0,439100.0,207800.0,233800.0,253300.0,308500.0,143900.0,193900.0,528900.0,349000.0,162300.0,309300.0,1062000.0,264800.0,454700.0,347100.0,173900.0,355600.0,320300.0,214000.0,386200.0,450700.0,129700.0
803100.0,1058600.0,566400.0,318300.0,356500.0,766200.0,188100.0,378000.0,138700.0,853000.0,,132900.0,296300.0,370900.0,156000.0,327100.0,533900.0,396600.0,293100.0,444800.0,210100.0,236300.0,256100.0,312500.0,145400.0,196500.0,531400.0,351900.0,163600.0,314200.0,1070600.0,267500.0,457400.0,350600.0,175300.0,359100.0,323200.0,216000.0,390000.0,452300.0,130700.0
807900.0,1065000.0,570700.0,321800.0,360300.0,767200.0,190000.0,382000.0,140200.0,855900.0,,133900.0,299200.0,374000.0,158100.0,330900.0,538400.0,400200.0,296700.0,450200.0,212400.0,238700.0,258700.0,316400.0,146700.0,198900.0,533600.0,354600.0,164900.0,318000.0,1080100.0,270000.0,459600.0,354100.0,176700.0,362400.0,325900.0,217800.0,393100.0,454300.0,131600.0
812900.0,1071900.0,575300.0,325300.0,364100.0,768400.0,192000.0,385700.0,141600.0,859400.0,,134900.0,302100.0,376800.0,159600.0,334400.0,542800.0,403100.0,300700.0,455000.0,214700.0,241100.0,261100.0,320200.0,147900.0,201300.0,535900.0,357300.0,166400.0,321000.0,1089300.0,272500.0,461600.0,358000.0,178200.0,365500.0,328600.0,219600.0,395900.0,457000.0,132700.0
818100.0,1079000.0,580200.0,329000.0,368200.0,770600.0,194100.0,389000.0,142900.0,863800.0,,135900.0,305000.0,379500.0,160900.0,338000.0,547900.0,406200.0,304600.0,459000.0,216900.0,243300.0,263400.0,324000.0,149100.0,203600.0,538800.0,360000.0,168100.0,323300.0,1097600.0,275500.0,463500.0,362400.0,179900.0,368300.0,331300.0,221700.0,398500.0,460100.0,133700.0
823100.0,1086000.0,585900.0,332600.0,372200.0,774000.0,196200.0,392200.0,144000.0,869300.0,,136800.0,308000.0,382200.0,161900.0,341700.0,553800.0,409500.0,308000.0,463000.0,218800.0,245200.0,265500.0,327300.0,150000.0,205900.0,542100.0,362800.0,170100.0,325200.0,1103900.0,279000.0,465600.0,366600.0,181600.0,370700.0,333900.0,224000.0,401100.0,463200.0,134600.0
828300.0,1093100.0,593300.0,336000.0,376100.0,779000.0,198600.0,395300.0,145100.0,876100.0,,137800.0,311200.0,385100.0,163000.0,345600.0,560700.0,413100.0,311200.0,467600.0,220900.0,247000.0,267500.0,330200.0,150900.0,208300.0,545600.0,365500.0,172500.0,327500.0,1107900.0,283300.0,468100.0,371000.0,183400.0,373200.0,336600.0,226600.0,404100.0,466700.0,135400.0
834100.0,1100500.0,603300.0,339500.0,380000.0,785900.0,201200.0,398800.0,146300.0,884000.0,,138900.0,314700.0,388500.0,164100.0,349600.0,568900.0,417900.0,314600.0,472400.0,223500.0,248800.0,269900.0,333000.0,151600.0,210900.0,548800.0,368800.0,175300.0,330300.0,1109100.0,288700.0,471100.0,375600.0,185400.0,376100.0,339700.0,229600.0,407900.0,470500.0,136300.0
839800.0,1107400.0,615300.0,342900.0,383800.0,794500.0,204000.0,402400.0,147600.0,892100.0,,140200.0,318200.0,392400.0,165000.0,353000.0,577600.0,424000.0,317700.0,477100.0,226200.0,250400.0,272400.0,335500.0,152300.0,213400.0,551400.0,372600.0,178300.0,333500.0,1107300.0,294800.0,474200.0,379900.0,187500.0,379500.0,343200.0,232700.0,412400.0,474300.0,137000.0
845600.0,1113500.0,628700.0,346300.0,387800.0,804600.0,206900.0,406300.0,149000.0,899400.0,,141700.0,321500.0,396800.0,165600.0,355600.0,586300.0,431500.0,320600.0,481600.0,229200.0,252000.0,274700.0,338100.0,153100.0,216000.0,553500.0,377000.0,181400.0,337400.0,1104700.0,301200.0,477100.0,384000.0,189800.0,383500.0,347100.0,235800.0,417600.0,478000.0,137700.0
851800.0,1118800.0,642200.0,350100.0,391900.0,815800.0,210000.0,410400.0,150700.0,904900.0,,143500.0,325000.0,401400.0,166000.0,357500.0,594700.0,439500.0,323600.0,485800.0,232300.0,253600.0,277300.0,341000.0,154200.0,218600.0,555600.0,381800.0,184900.0,342200.0,1104400.0,307500.0,479900.0,388000.0,192300.0,387700.0,351300.0,238900.0,422900.0,482200.0,138500.0
858000.0,1123700.0,654900.0,354000.0,396000.0,827200.0,213100.0,414600.0,152500.0,908000.0,,145200.0,328500.0,405900.0,166500.0,358900.0,602200.0,447100.0,326400.0,490000.0,235400.0,255200.0,279700.0,344100.0,155500.0,221200.0,558200.0,386400.0,188500.0,347400.0,1107400.0,313200.0,482500.0,391700.0,194900.0,391800.0,355300.0,241800.0,427800.0,487000.0,139500.0
864400.0,1129200.0,666500.0,357800.0,400000.0,838100.0,216300.0,418600.0,154300.0,909100.0,,146700.0,332000.0,410000.0,167100.0,360100.0,608900.0,453400.0,329300.0,495000.0,238500.0,256800.0,282000.0,347400.0,157100.0,223800.0,561700.0,390200.0,192200.0,352600.0,1114400.0,317900.0,484600.0,395200.0,197500.0,395700.0,359300.0,244700.0,432500.0,492000.0,140500.0
870700.0,1135400.0,677000.0,361300.0,403400.0,848500.0,219300.0,422100.0,156200.0,908900.0,,148200.0,335400.0,413600.0,168200.0,361300.0,615000.0,458300.0,332200.0,501200.0,241800.0,258500.0,284100.0,350700.0,158900.0,226600.0,566200.0,393100.0,196000.0,357400.0,1124000.0,322100.0,486300.0,398500.0,200000.0,399100.0,363100.0,247600.0,436900.0,496400.0,141700.0
876200.0,1141900.0,686600.0,364300.0,406000.0,857700.0,222000.0,424900.0,158000.0,908000.0,,149400.0,338600.0,416700.0,170000.0,362400.0,620300.0,461500.0,335000.0,508200.0,245200.0,260000.0,285800.0,353900.0,160900.0,229400.0,570900.0,394900.0,199500.0,361900.0,1133300.0,326100.0,487500.0,401300.0,202400.0,401900.0,366700.0,250400.0,441000.0,499600.0,142800.0
880700.0,1148000.0,695500.0,366800.0,407500.0,865400.0,224300.0,427000.0,159600.0,907400.0,,150500.0,341600.0,419200.0,172700.0,363300.0,624500.0,463700.0,337800.0,515300.0,248600.0,261400.0,287300.0,356700.0,163000.0,232200.0,575400.0,396100.0,202600.0,366400.0,1139800.0,329800.0,489000.0,403700.0,204800.0,404200.0,370100.0,253200.0,444800.0,501300.0,144000.0
884400.0,1152800.0,703500.0,369200.0,408400.0,871300.0,226200.0,428700.0,161000.0,907600.0,,151600.0,344100.0,421500.0,175900.0,364200.0,628300.0,466100.0,340400.0,521400.0,251600.0,262500.0,288600.0,359300.0,164900.0,234800.0,580000.0,397400.0,205400.0,370600.0,1143000.0,333900.0,491000.0,405700.0,207000.0,406000.0,373100.0,256000.0,448500.0,502100.0,145100.0
887600.0,1155900.0,710100.0,371400.0,409100.0,875300.0,227900.0,430300.0,162200.0,908300.0,,152700.0,346000.0,423800.0,179000.0,365200.0,631100.0,469400.0,342600.0,526100.0,254100.0,263500.0,289700.0,361800.0,166900.0,237200.0,585000.0,398900.0,207800.0,374400.0,1144100.0,337200.0,493600.0,407500.0,208900.0,407700.0,375800.0,258400.0,452300.0,502100.0,146000.0
890500.0,1157900.0,715800.0,373400.0,409900.0,877800.0,229600.0,432200.0,163500.0,908600.0,,154000.0,348000.0,426000.0,181900.0,366600.0,632800.0,473200.0,345000.0,529100.0,256500.0,264800.0,291100.0,364500.0,168800.0,239400.0,590300.0,401100.0,210100.0,378200.0,1146000.0,339300.0,497000.0,409800.0,210800.0,409500.0,378000.0,260300.0,456000.0,501800.0,146900.0
893300.0,1159500.0,721200.0,375200.0,410800.0,879000.0,231300.0,434200.0,164600.0,907900.0,,155200.0,349900.0,427300.0,184200.0,368100.0,633800.0,477200.0,347800.0,530600.0,258600.0,266300.0,292600.0,367100.0,170600.0,241100.0,596200.0,403600.0,212400.0,381700.0,1150000.0,340800.0,501200.0,412300.0,212400.0,411200.0,379800.0,261600.0,459200.0,501400.0,147900.0
895500.0,1161000.0,725900.0,376500.0,411300.0,879300.0,232700.0,435800.0,165400.0,905800.0,,156200.0,351300.0,427300.0,186100.0,369200.0,634400.0,480500.0,350300.0,530600.0,260200.0,267600.0,293700.0,369400.0,172300.0,242100.0,602100.0,405500.0,214600.0,383500.0,1156000.0,341900.0,505200.0,414300.0,213500.0,412700.0,381200.0,262300.0,461400.0,501100.0,148700.0
897300.0,1162800.0,730100.0,377000.0,411500.0,879500.0,233900.0,437100.0,166000.0,902500.0,,157100.0,352100.0,425700.0,187700.0,369700.0,635100.0,483100.0,352200.0,529800.0,261300.0,268800.0,294400.0,371100.0,173800.0,242800.0,608100.0,406500.0,216600.0,383800.0,1164200.0,343400.0,508700.0,415800.0,214400.0,413900.0,382100.0,262400.0,462900.0,500800.0,149500.0
899000.0,1165300.0,733600.0,377400.0,411500.0,880100.0,235100.0,438400.0,166500.0,897900.0,,157800.0,352400.0,422900.0,189700.0,369700.0,637100.0,484300.0,353900.0,528400.0,262400.0,269900.0,295300.0,372200.0,175200.0,243500.0,613500.0,407000.0,218800.0,383400.0,1172900.0,346200.0,511700.0,417200.0,215000.0,415000.0,382900.0,262100.0,464100.0,501000.0,150300.0
900400.0,1168100.0,736500.0,377800.0,411200.0,881300.0,236100.0,439800.0,167000.0,893000.0,,158500.0,352400.0,419900.0,191700.0,369500.0,640100.0,484000.0,355100.0,527000.0,263700.0,270800.0,296600.0,372500.0,176200.0,244300.0,618100.0,407100.0,220600.0,382900.0,1178400.0,349800.0,513700.0,418200.0,215500.0,415600.0,383300.0,261700.0,465100.0,501400.0,151100.0
902000.0,1171300.0,739100.0,378500.0,410600.0,882600.0,237000.0,441400.0,167500.0,889100.0,,159100.0,352300.0,417700.0,193700.0,369400.0,643800.0,483100.0,356200.0,525800.0,265300.0,271600.0,298200.0,372200.0,176700.0,245200.0,621800.0,407600.0,222200.0,382800.0,1180000.0,353400.0,515200.0,418800.0,216000.0,416000.0,383300.0,261400.0,466100.0,501200.0,151900.0
904400.0,1174400.0,741500.0,379600.0,410200.0,884200.0,237900.0,443100.0,168300.0,887000.0,,159500.0,352300.0,416800.0,195300.0,369600.0,647500.0,482600.0,356900.0,524900.0,267000.0,272300.0,300100.0,371300.0,177000.0,245900.0,625400.0,408600.0,223900.0,383300.0,1179400.0,356500.0,516400.0,418900.0,216700.0,416100.0,383000.0,261400.0,466900.0,500600.0,152700.0
907100.0,1176700.0,743300.0,380400.0,410000.0,885700.0,238500.0,444700.0,169300.0,886700.0,,159700.0,352000.0,417200.0,196600.0,369800.0,650900.0,482400.0,357000.0,523200.0,268400.0,272800.0,301900.0,370100.0,177100.0,246300.0,628800.0,410000.0,225400.0,384100.0,1177700.0,358100.0,516900.0,418500.0,217300.0,415900.0,382200.0,261500.0,467500.0,499900.0,153300.0
909700.0,1178400.0,745300.0,380900.0,410100.0,887300.0,238900.0,445900.0,170700.0,887800.0,,160000.0,351900.0,418700.0,197500.0,370100.0,653800.0,483000.0,357000.0,520700.0,269500.0,273000.0,303700.0,368600.0,177100.0,246300.0,632300.0,411200.0,226500.0,385400.0,1176900.0,358300.0,516600.0,417900.0,217900.0,415600.0,380800.0,261800.0,467600.0,499200.0,153600.0
911900.0,1179900.0,747600.0,381400.0,410500.0,888700.0,239100.0,446800.0,172200.0,889800.0,,160300.0,351700.0,420600.0,198100.0,370500.0,657700.0,484600.0,356700.0,517800.0,270200.0,272900.0,305300.0,367300.0,177100.0,245900.0,635400.0,411900.0,227600.0,386800.0,1177300.0,358900.0,515900.0,417300.0,218300.0,415500.0,379500.0,262300.0,467400.0,499400.0,153600.0
913000.0,1181100.0,749900.0,381700.0,410900.0,889500.0,239000.0,446900.0,173500.0,891800.0,,160500.0,351100.0,422200.0,198400.0,370300.0,661500.0,486900.0,355500.0,515000.0,270300.0,272500.0,306100.0,365900.0,177100.0,245000.0,637700.0,411600.0,228400.0,387500.0,1176900.0,359400.0,514800.0,416300.0,218600.0,415100.0,377900.0,262700.0,466500.0,499700.0,153300.0
913000.0,1182800.0,751600.0,382000.0,411200.0,889300.0,238800.0,446400.0,174700.0,892900.0,,160800.0,350400.0,423200.0,198700.0,369500.0,665000.0,489000.0,354300.0,512200.0,270500.0,271800.0,306500.0,364300.0,176800.0,243800.0,638700.0,410400.0,228600.0,388300.0,1176300.0,360000.0,514300.0,415000.0,218600.0,414300.0,376000.0,262900.0,464900.0,500200.0,152900.0
912000.0,1184800.0,752300.0,382600.0,411100.0,887900.0,238500.0,445300.0,175800.0,892700.0,,160800.0,349900.0,423200.0,199400.0,368300.0,668200.0,490900.0,353400.0,509400.0,271300.0,270900.0,306600.0,362300.0,176000.0,242300.0,639100.0,408400.0,228600.0,389900.0,1175500.0,361000.0,514400.0,413100.0,218700.0,413100.0,373700.0,262800.0,462300.0,501400.0,152700.0
909300.0,1185300.0,751200.0,383000.0,410400.0,884700.0,237800.0,443300.0,176200.0,891400.0,,160500.0,348800.0,422700.0,200300.0,366900.0,670300.0,492600.0,352100.0,507400.0,272000.0,269400.0,305700.0,359900.0,175100.0,240600.0,638800.0,405800.0,228100.0,390600.0,1173000.0,361400.0,514400.0,410400.0,218500.0,411500.0,371400.0,262600.0,458800.0,503100.0,152300.0
905300.0,1183700.0,748400.0,383300.0,409600.0,879900.0,236900.0,440700.0,176400.0,889700.0,,159900.0,347200.0,422500.0,201400.0,365400.0,671100.0,494800.0,350300.0,506700.0,272700.0,267700.0,303900.0,357200.0,174500.0,239100.0,637700.0,403300.0,227400.0,390200.0,1169300.0,359900.0,514000.0,407300.0,218100.0,409900.0,368900.0,262200.0,454600.0,504200.0,151800.0
901400.0,1181000.0,744200.0,383900.0,409000.0,874100.0,236100.0,437900.0,177000.0,888300.0,,159800.0,345600.0,422700.0,203300.0,364300.0,671800.0,497500.0,348400.0,506500.0,273600.0,265800.0,301900.0,355000.0,174300.0,238100.0,635200.0,401100.0,227500.0,389800.0,1165900.0,357800.0,513400.0,404300.0,217800.0,408300.0,366500.0,261500.0,450200.0,505200.0,151300.0
897900.0,1177900.0,739300.0,384500.0,409000.0,868200.0,235300.0,435500.0,177900.0,887800.0,,159900.0,343800.0,423100.0,205500.0,363600.0,672300.0,500600.0,346500.0,505900.0,274300.0,263800.0,300000.0,353300.0,174400.0,237400.0,631600.0,399200.0,227800.0,389600.0,1162100.0,355100.0,512500.0,401700.0,217400.0,406500.0,364200.0,260700.0,445900.0,506100.0,150800.0
895400.0,1175400.0,734900.0,385100.0,409900.0,863100.0,234400.0,434000.0,178800.0,888600.0,,160300.0,341900.0,423900.0,207200.0,363300.0,672700.0,504200.0,344700.0,504100.0,274600.0,262000.0,298300.0,352200.0,174800.0,237100.0,627800.0,397800.0,228200.0,389900.0,1159100.0,352600.0,511900.0,399700.0,217300.0,404700.0,362200.0,259800.0,442100.0,507100.0,150600.0
893600.0,1173800.0,730400.0,386000.0,411400.0,859400.0,233700.0,433300.0,179700.0,890300.0,,161100.0,339900.0,424500.0,208200.0,363400.0,673600.0,508000.0,343100.0,500800.0,274400.0,260600.0,296400.0,351400.0,175200.0,236700.0,624400.0,396800.0,229200.0,391000.0,1157300.0,351500.0,512100.0,398200.0,217200.0,402800.0,360400.0,259100.0,438900.0,508600.0,150700.0
891100.0,1171700.0,724900.0,386400.0,412400.0,856600.0,232600.0,432200.0,180100.0,891200.0,,161800.0,337100.0,424300.0,208300.0,363600.0,674000.0,510400.0,340600.0,496500.0,273400.0,259100.0,294200.0,350300.0,175300.0,236000.0,620600.0,395600.0,230100.0,391800.0,1154200.0,351000.0,512400.0,396400.0,216700.0,400500.0,358200.0,258100.0,435900.0,510000.0,150500.0
887000.0,1167900.0,718800.0,386000.0,412100.0,853700.0,230800.0,430100.0,179700.0,890500.0,,162300.0,333800.0,422500.0,208000.0,363200.0,672800.0,511200.0,337500.0,492000.0,272100.0,257200.0,291500.0,348100.0,174900.0,234700.0,616400.0,393900.0,230200.0,392000.0,1149200.0,350500.0,512200.0,394000.0,215800.0,397600.0,355200.0,256700.0,432400.0,510200.0,149900.0
881700.0,1163000.0,712500.0,385500.0,410700.0,850200.0,228200.0,427200.0,178700.0,888300.0,,162600.0,329700.0,419200.0,207900.0,362800.0,671400.0,510700.0,333800.0,487400.0,270200.0,255000.0,288400.0,345100.0,174400.0,232700.0,612200.0,391500.0,230100.0,390200.0,1143500.0,351000.0,511500.0,390900.0,214400.0,394400.0,351900.0,255200.0,428700.0,510200.0,148900.0
875900.0,1157000.0,706400.0,384500.0,408600.0,846500.0,225200.0,423900.0,177400.0,884400.0,,162600.0,324600.0,415200.0,208400.0,362500.0,668700.0,509100.0,329000.0,482900.0,267800.0,252700.0,284500.0,341200.0,173800.0,230300.0,608400.0,388800.0,229100.0,385600.0,1135700.0,350800.0,509600.0,387000.0,212500.0,390900.0,348100.0,253600.0,424800.0,508800.0,147600.0
870300.0,1150800.0,701200.0,383400.0,406000.0,842300.0,222200.0,421000.0,176200.0,879000.0,,162600.0,320000.0,411300.0,209600.0,362300.0,664900.0,505700.0,324200.0,477900.0,265400.0,250400.0,280500.0,336800.0,173100.0,227500.0,605300.0,386100.0,227000.0,379100.0,1127500.0,349600.0,507100.0,383200.0,210500.0,387000.0,343800.0,251900.0,420600.0,506600.0,146300.0
865100.0,1144100.0,696800.0,382200.0,403200.0,837700.0,219000.0,418000.0,175100.0,872400.0,,162600.0,315700.0,407200.0,211600.0,362100.0,661400.0,499900.0,319700.0,472200.0,263200.0,248000.0,276400.0,332200.0,172000.0,224300.0,603400.0,383400.0,224300.0,372300.0,1119500.0,348100.0,504100.0,379400.0,208400.0,382500.0,339200.0,250000.0,415900.0,504600.0,145100.0
859000.0,1135600.0,692900.0,380200.0,399900.0,831700.0,215500.0,414700.0,173800.0,865700.0,,162200.0,311000.0,403900.0,213400.0,361600.0,658500.0,491900.0,314700.0,466600.0,260400.0,245300.0,271900.0,327600.0,170600.0,220900.0,602000.0,380200.0,221300.0,364900.0,1109400.0,346000.0,500100.0,375400.0,206000.0,377400.0,334700.0,248300.0,410900.0,502900.0,143600.0
851500.0,1125400.0,689700.0,376800.0,396400.0,824100.0,211700.0,411100.0,172300.0,859700.0,,161500.0,305700.0,401500.0,214500.0,360200.0,655400.0,483100.0,308900.0,462000.0,257000.0,242100.0,266500.0,322800.0,169400.0,217700.0,599800.0,376300.0,218400.0,358000.0,1098100.0,342400.0,495400.0,371300.0,203100.0,371900.0,330100.0,246700.0,406000.0,500000.0,141900.0
843800.0,1113900.0,686100.0,372600.0,392600.0,815900.0,207500.0,407300.0,170800.0,853300.0,,160500.0,300200.0,398600.0,214300.0,357900.0,652000.0,475600.0,302800.0,457600.0,253400.0,238600.0,260600.0,318100.0,168200.0,214300.0,594700.0,371900.0,215200.0,353200.0,1087400.0,338600.0,490500.0,367200.0,199800.0,366400.0,325300.0,244700.0,401100.0,496200.0,140000.0
836400.0,1102000.0,681900.0,367700.0,388500.0,808200.0,202800.0,403200.0,168900.0,846600.0,,159100.0,294700.0,394500.0,212200.0,354900.0,647100.0,470400.0,297000.0,454100.0,249800.0,234900.0,254100.0,313400.0,167000.0,210500.0,587000.0,367400.0,209900.0,350000.0,1076400.0,334000.0,485100.0,363200.0,196100.0,360900.0,320100.0,242100.0,396300.0,491500.0,138000.0
830700.0,1091900.0,678900.0,362800.0,384700.0,801800.0,198100.0,399700.0,166800.0,841300.0,,157500.0,289500.0,390500.0,209000.0,352300.0,642400.0,467100.0,292100.0,451900.0,246600.0,231700.0,247600.0,308900.0,165900.0,206900.0,579600.0,363400.0,203700.0,348000.0,1067400.0,329200.0,480400.0,359800.0,192600.0,355900.0,315200.0,239600.0,392100.0,487300.0,136400.0
827300.0,1085100.0,677400.0,358900.0,381800.0,797200.0,193800.0,397300.0,165200.0,837500.0,,156100.0,284900.0,387000.0,206400.0,350800.0,640000.0,464300.0,287800.0,450800.0,243700.0,229100.0,241500.0,305000.0,165000.0,203700.0,574400.0,360100.0,198200.0,346700.0,1062100.0,325200.0,476900.0,357100.0,189500.0,351700.0,310900.0,237600.0,388800.0,484300.0,135400.0
824800.0,1079200.0,676100.0,355200.0,378900.0,793800.0,189500.0,395100.0,163500.0,833900.0,,154600.0,280200.0,384100.0,203600.0,349900.0,638200.0,461100.0,283200.0,450100.0,240800.0,226600.0,235300.0,301100.0,164100.0,200400.0,570500.0,356800.0,192500.0,345300.0,1057000.0,321400.0,473500.0,354300.0,186400.0,347600.0,306800.0,235500.0,385500.0,481800.0,134400.0
821600.0,1072400.0,675200.0,351200.0,375700.0,790200.0,184700.0,392400.0,161500.0,829900.0,,153000.0,275600.0,380900.0,200400.0,348400.0,635800.0,457200.0,278700.0,449500.0,237600.0,223800.0,229000.0,297000.0,162900.0,196700.0,567400.0,353200.0,186000.0,343500.0,1051100.0,317200.0,469600.0,351300.0,183000.0,343100.0,302300.0,233300.0,381700.0,478600.0,133100.0
818300.0,1065400.0,674300.0,347800.0,372500.0,786500.0,179900.0,389500.0,159400.0,826000.0,,151600.0,270900.0,377700.0,197300.0,346800.0,634600.0,453300.0,274200.0,448800.0,234300.0,220800.0,222800.0,293200.0,161800.0,192900.0,564400.0,349500.0,179900.0,341200.0,1046300.0,313900.0,465900.0,348300.0,179600.0,338700.0,298100.0,231300.0,377900.0,476100.0,131600.0
814600.0,1057800.0,673200.0,344400.0,369400.0,782700.0,175200.0,386600.0,157300.0,821700.0,,150100.0,265800.0,374500.0,194100.0,345100.0,633000.0,449500.0,269300.0,447900.0,230600.0,217600.0,216400.0,289400.0,160700.0,188800.0,561200.0,345800.0,173900.0,337900.0,1040100.0,309900.0,461900.0,345100.0,176200.0,334400.0,294000.0,229300.0,374100.0,473300.0,130100.0
809800.0,1048900.0,671300.0,340800.0,365800.0,777700.0,170500.0,383400.0,155000.0,815800.0,,148300.0,260700.0,371500.0,190600.0,343100.0,629700.0,445100.0,264000.0,445600.0,226700.0,214300.0,209700.0,284900.0,159000.0,184300.0,557300.0,341900.0,167400.0,334200.0,1032500.0,304900.0,457500.0,341700.0,172600.0,329400.0,289100.0,226700.0,369800.0,469600.0,128500.0
803600.0,1037900.0,667900.0,336800.0,361200.0,771000.0,165600.0,379500.0,152600.0,807300.0,,146500.0,255600.0,367500.0,187000.0,340500.0,625400.0,439500.0,258800.0,441800.0,222800.0,210700.0,202800.0,280000.0,156700.0,179400.0,552700.0,337700.0,160300.0,330300.0,1023700.0,299700.0,452500.0,337700.0,168800.0,323600.0,283500.0,223600.0,364600.0,465200.0,126900.0
795500.0,1024300.0,663700.0,332100.0,356100.0,762200.0,160500.0,374900.0,149800.0,797400.0,,144400.0,250000.0,363300.0,183100.0,337800.0,620500.0,433100.0,253200.0,437600.0,218800.0,206600.0,195400.0,274800.0,154300.0,174300.0,547100.0,333100.0,153200.0,325900.0,1011700.0,294300.0,446500.0,332900.0,164600.0,317500.0,277700.0,220300.0,358900.0,460700.0,125000.0
786900.0,1010200.0,659100.0,326800.0,350600.0,754400.0,155300.0,370000.0,146600.0,788600.0,,142000.0,244200.0,359200.0,178400.0,334700.0,614700.0,428100.0,247200.0,434300.0,214400.0,202700.0,187500.0,269000.0,152100.0,169000.0,541500.0,328500.0,146000.0,320700.0,997900.0,288500.0,440800.0,327800.0,160600.0,311500.0,271800.0,217600.0,353200.0,454900.0,123300.0
780700.0,999000.0,653500.0,322200.0,345000.0,750400.0,150600.0,365200.0,143400.0,782300.0,,140000.0,239200.0,354700.0,173600.0,331400.0,610100.0,424700.0,241500.0,431900.0,210400.0,199400.0,179800.0,263100.0,150000.0,163000.0,536600.0,323800.0,139000.0,315800.0,986300.0,284400.0,436900.0,322900.0,157300.0,306000.0,266500.0,216300.0,347400.0,449400.0,122000.0
776900.0,990900.0,647500.0,318000.0,339500.0,749200.0,146300.0,360700.0,140300.0,778000.0,,138600.0,235000.0,349600.0,169400.0,328100.0,605800.0,421200.0,236300.0,430200.0,207300.0,196700.0,172900.0,257800.0,148200.0,156600.0,533600.0,318900.0,132100.0,310900.0,975500.0,281300.0,434600.0,318500.0,155100.0,301600.0,261800.0,215900.0,342000.0,445300.0,120600.0
774700.0,985400.0,641600.0,314100.0,334900.0,748000.0,142700.0,356800.0,137600.0,775500.0,,137700.0,231500.0,345100.0,165700.0,325500.0,602200.0,416900.0,231600.0,428600.0,205300.0,194800.0,167000.0,253400.0,146900.0,150800.0,532900.0,314600.0,125900.0,305700.0,966600.0,278300.0,434300.0,315000.0,153700.0,299000.0,258000.0,215900.0,337600.0,443200.0,119400.0
774200.0,983200.0,635900.0,310900.0,331500.0,747200.0,140000.0,353800.0,135800.0,774700.0,,137600.0,228700.0,342100.0,163400.0,324200.0,600900.0,412800.0,227700.0,427000.0,204000.0,193700.0,162100.0,250600.0,146200.0,146000.0,534500.0,311500.0,121500.0,300200.0,962300.0,275800.0,435800.0,312900.0,153100.0,298400.0,255400.0,216100.0,334800.0,443400.0,118800.0
774400.0,982400.0,631100.0,308500.0,329600.0,747000.0,138100.0,351700.0,134600.0,775200.0,,138100.0,226800.0,340600.0,162200.0,324100.0,601000.0,409200.0,224700.0,425300.0,203100.0,193300.0,158400.0,249200.0,146100.0,142500.0,537400.0,309500.0,118600.0,295000.0,960900.0,273500.0,438300.0,311700.0,153000.0,299300.0,254000.0,216300.0,333000.0,445200.0,118300.0
774600.0,982400.0,628200.0,307200.0,328700.0,747500.0,136900.0,350300.0,133500.0,778200.0,,138700.0,224800.0,341400.0,161900.0,324300.0,602500.0,406700.0,221000.0,424200.0,201100.0,193200.0,155900.0,248900.0,146200.0,140300.0,541000.0,308400.0,116900.0,285600.0,963500.0,272500.0,440800.0,310800.0,152500.0,300700.0,253800.0,216500.0,332500.0,447900.0,116700.0
775600.0,984100.0,627300.0,303800.0,328900.0,748900.0,136300.0,349800.0,133100.0,779600.0,,139400.0,223700.0,342500.0,161000.0,323200.0,599200.0,405600.0,219000.0,423900.0,199900.0,193300.0,154900.0,248600.0,146600.0,139400.0,544300.0,308200.0,114800.0,279400.0,970100.0,266700.0,443400.0,310800.0,152300.0,302400.0,253400.0,216200.0,332900.0,445400.0,115600.0
777800.0,987100.0,628500.0,302800.0,330100.0,750900.0,136400.0,350500.0,133600.0,780300.0,,140100.0,224600.0,342600.0,160900.0,323500.0,599200.0,405900.0,220100.0,423900.0,200700.0,193700.0,155500.0,248900.0,146800.0,139400.0,546900.0,308800.0,114300.0,280400.0,975800.0,264100.0,446000.0,312300.0,152900.0,303600.0,253700.0,216400.0,333300.0,445000.0,116300.0
775200.0,985000.0,625600.0,302500.0,329700.0,750700.0,135600.0,348600.0,132100.0,783300.0,,139600.0,222700.0,342100.0,160000.0,322200.0,595900.0,404800.0,218800.0,424900.0,199200.0,192400.0,154200.0,249000.0,147200.0,139200.0,548600.0,307200.0,114200.0,280700.0,972900.0,261400.0,443300.0,311400.0,152800.0,304100.0,254200.0,216700.0,332700.0,444200.0,115900.0
767900.0,977400.0,619200.0,299600.0,327200.0,748500.0,134000.0,343700.0,129100.0,786800.0,,138600.0,217900.0,341100.0,158100.0,318300.0,587100.0,402000.0,213400.0,428700.0,194800.0,189400.0,150600.0,247900.0,148500.0,139100.0,546200.0,303800.0,113700.0,275400.0,966600.0,255400.0,436200.0,307300.0,151600.0,303900.0,254200.0,216700.0,332200.0,438300.0,113400.0
764700.0,973300.0,616400.0,296300.0,326200.0,748200.0,133400.0,341200.0,127500.0,789600.0,,138500.0,215200.0,339800.0,156400.0,315700.0,579100.0,400900.0,210200.0,434300.0,192600.0,187800.0,148600.0,246500.0,150000.0,139500.0,542400.0,301800.0,113500.0,275600.0,971000.0,250200.0,433000.0,305000.0,150900.0,304600.0,253200.0,216500.0,333100.0,430900.0,112100.0
766100.0,973700.0,617000.0,296500.0,326900.0,748600.0,133400.0,341100.0,127400.0,789700.0,,138800.0,214500.0,339000.0,154900.0,315400.0,578000.0,398900.0,209700.0,437400.0,191600.0,187400.0,148700.0,245700.0,149700.0,139700.0,539400.0,301900.0,113700.0,279800.0,981200.0,250100.0,433500.0,304000.0,150100.0,305000.0,251100.0,216500.0,334400.0,429400.0,111700.0
764100.0,971700.0,613900.0,295500.0,326900.0,745700.0,132800.0,341300.0,126600.0,785600.0,,138400.0,212300.0,337600.0,152400.0,312000.0,570500.0,393100.0,208600.0,437700.0,189500.0,186100.0,148300.0,244200.0,147800.0,139300.0,541700.0,301200.0,112900.0,282000.0,988900.0,246300.0,431700.0,301200.0,148400.0,304400.0,248000.0,216000.0,333900.0,426300.0,111000.0
759700.0,965300.0,608200.0,293600.0,326300.0,740400.0,132100.0,342100.0,126100.0,779800.0,,137800.0,209900.0,335000.0,151600.0,307700.0,561500.0,385700.0,206700.0,436700.0,187900.0,184400.0,148100.0,242300.0,145200.0,139100.0,549100.0,300100.0,113800.0,283200.0,991700.0,243000.0,429500.0,297700.0,146500.0,302800.0,245300.0,214400.0,332100.0,423000.0,109100.0
754900.0,955400.0,601100.0,291300.0,324900.0,737100.0,131100.0,341900.0,125800.0,773000.0,,136400.0,207100.0,331500.0,151600.0,303200.0,552000.0,378700.0,204000.0,436100.0,187100.0,182200.0,147800.0,239900.0,142400.0,138600.0,559100.0,297900.0,115700.0,284300.0,985100.0,240800.0,426500.0,293500.0,144000.0,299800.0,242400.0,211500.0,329400.0,419300.0,105900.0
746200.0,943600.0,594200.0,288100.0,321800.0,731800.0,129400.0,340200.0,124800.0,764100.0,,134100.0,204000.0,328100.0,150700.0,297800.0,541400.0,372600.0,201000.0,434700.0,185300.0,179000.0,146900.0,236300.0,139700.0,137400.0,561300.0,295100.0,115600.0,283000.0,969500.0,237400.0,420600.0,288800.0,140900.0,295700.0,238400.0,208300.0,325300.0,413100.0,101600.0
737300.0,933700.0,594000.0,286400.0,319200.0,726000.0,127700.0,338700.0,123600.0,757500.0,,131600.0,201300.0,323800.0,149900.0,293700.0,534000.0,371100.0,198900.0,434100.0,183000.0,175600.0,145800.0,232800.0,137700.0,135900.0,560000.0,292500.0,116200.0,281100.0,958100.0,235800.0,415400.0,285000.0,138300.0,292000.0,234500.0,206200.0,321200.0,406800.0,98300.0
730800.0,925200.0,596400.0,285800.0,317700.0,721700.0,126100.0,337100.0,122500.0,751800.0,,129000.0,198700.0,318900.0,148900.0,290700.0,532100.0,372000.0,196500.0,431400.0,180600.0,173100.0,144300.0,229600.0,136000.0,134400.0,556400.0,290000.0,117900.0,279300.0,949600.0,236000.0,411300.0,281800.0,136200.0,288800.0,231400.0,204600.0,317700.0,402300.0,96100.0
729300.0,923000.0,600000.0,286500.0,317400.0,722000.0,125300.0,337500.0,122200.0,749200.0,,127600.0,196600.0,316500.0,148800.0,289000.0,532700.0,372500.0,195100.0,429900.0,179800.0,172100.0,142700.0,228100.0,134600.0,133300.0,555800.0,289000.0,120100.0,276800.0,944900.0,236800.0,408700.0,279400.0,134900.0,286100.0,229500.0,204100.0,315600.0,403700.0,95100.0
730200.0,925000.0,601600.0,285800.0,316300.0,723400.0,124300.0,339500.0,122200.0,748600.0,,126900.0,195000.0,317900.0,148700.0,288100.0,531700.0,370600.0,194600.0,428800.0,179400.0,171400.0,141600.0,227200.0,133400.0,132500.0,557400.0,288700.0,122000.0,272900.0,948800.0,236100.0,408300.0,277500.0,134500.0,284300.0,227800.0,203600.0,314300.0,406900.0,94000.0
730700.0,923300.0,599700.0,283800.0,314000.0,724200.0,123100.0,340600.0,122500.0,747300.0,,125500.0,193200.0,319600.0,147200.0,287300.0,530900.0,368800.0,193700.0,426200.0,178200.0,170100.0,141200.0,225900.0,132300.0,131600.0,557600.0,287300.0,123200.0,269300.0,953700.0,235700.0,407900.0,274300.0,133900.0,282400.0,225500.0,202400.0,312600.0,407600.0,92800.0
730000.0,916600.0,590500.0,282100.0,311400.0,722300.0,121500.0,340500.0,123300.0,745300.0,,124600.0,190600.0,321400.0,144800.0,286400.0,530600.0,368900.0,191200.0,419400.0,176900.0,168400.0,141300.0,224200.0,131200.0,130300.0,556500.0,284800.0,123300.0,266700.0,957500.0,236400.0,407600.0,270500.0,132900.0,279500.0,223200.0,200900.0,309800.0,406900.0,92200.0
730100.0,912400.0,578900.0,281700.0,308200.0,724100.0,119800.0,339500.0,123500.0,744200.0,,123400.0,187600.0,320300.0,143200.0,286200.0,528700.0,369900.0,187600.0,413200.0,176800.0,166700.0,141500.0,223100.0,130300.0,129000.0,559100.0,281400.0,123100.0,262500.0,961000.0,236700.0,407800.0,267300.0,132400.0,276600.0,221700.0,199500.0,306900.0,406600.0,91500.0
730100.0,910400.0,570000.0,280500.0,303600.0,730200.0,117700.0,337900.0,122000.0,745200.0,,121000.0,184400.0,314500.0,143000.0,286300.0,525300.0,370400.0,183200.0,406700.0,177100.0,164700.0,141700.0,221500.0,129700.0,127400.0,567600.0,276600.0,122600.0,257600.0,960600.0,233300.0,407900.0,265800.0,132400.0,274600.0,220500.0,196900.0,303900.0,403800.0,89700.0
731200.0,911900.0,570900.0,280000.0,300500.0,735400.0,116100.0,337900.0,119900.0,752300.0,,118800.0,182400.0,307300.0,142600.0,287400.0,526700.0,371400.0,180200.0,403700.0,176000.0,163400.0,142200.0,220200.0,129500.0,125900.0,578500.0,273200.0,122600.0,251900.0,962300.0,228400.0,408000.0,266500.0,132500.0,273200.0,220200.0,193900.0,302400.0,400700.0,88300.0
733900.0,918300.0,574300.0,281400.0,299900.0,736300.0,114900.0,338500.0,118100.0,760400.0,,118000.0,181300.0,303000.0,140200.0,289000.0,532800.0,372300.0,178600.0,403100.0,174100.0,162900.0,142200.0,220100.0,129600.0,124700.0,587500.0,272000.0,120500.0,244500.0,974400.0,224400.0,408700.0,268100.0,132500.0,272600.0,220300.0,192000.0,302000.0,399300.0,87900.0
735500.0,923500.0,575100.0,283400.0,299400.0,736600.0,113300.0,336700.0,116600.0,762000.0,,117500.0,179900.0,301100.0,137900.0,290300.0,540400.0,373100.0,177200.0,400500.0,172100.0,161800.0,141400.0,220300.0,129400.0,123400.0,588600.0,270900.0,117000.0,236300.0,988400.0,221000.0,408300.0,268400.0,131700.0,271800.0,220300.0,191400.0,301800.0,396300.0,87600.0
735400.0,923600.0,575700.0,284700.0,298400.0,737100.0,111400.0,333100.0,115300.0,762300.0,,117300.0,177700.0,300900.0,135600.0,289200.0,543600.0,372700.0,175900.0,395800.0,169800.0,160000.0,140400.0,219400.0,128600.0,121500.0,586800.0,268400.0,115300.0,230300.0,995400.0,217400.0,406900.0,267400.0,130500.0,269400.0,220300.0,190600.0,301300.0,393000.0,86900.0
734400.0,922900.0,575700.0,284300.0,296800.0,736300.0,109600.0,329700.0,113200.0,762800.0,,116500.0,175400.0,300900.0,133400.0,284000.0,541500.0,370000.0,175800.0,392100.0,167400.0,158200.0,139400.0,218000.0,127500.0,119400.0,582600.0,265300.0,112500.0,225300.0,995400.0,212900.0,404600.0,265500.0,129500.0,266100.0,220000.0,189200.0,301200.0,390100.0,86200.0
737500.0,928300.0,573000.0,284400.0,295700.0,738200.0,109100.0,328700.0,111200.0,764600.0,,114000.0,174400.0,300500.0,132300.0,280700.0,537900.0,367800.0,177100.0,392100.0,167300.0,156900.0,139600.0,217300.0,127600.0,118100.0,581300.0,264600.0,108100.0,225300.0,998100.0,209100.0,403800.0,265000.0,129600.0,264700.0,219900.0,188700.0,301400.0,389300.0,86800.0
737700.0,928900.0,565300.0,284100.0,293000.0,737600.0,108400.0,326500.0,108900.0,765200.0,,109400.0,173400.0,296700.0,130400.0,278700.0,532500.0,365800.0,176400.0,391500.0,167600.0,154800.0,139600.0,215200.0,127300.0,116600.0,577200.0,263400.0,104600.0,226700.0,998500.0,205900.0,401200.0,263400.0,129200.0,262900.0,218600.0,187800.0,300000.0,386000.0,87400.0
733700.0,923900.0,555400.0,282100.0,289900.0,734300.0,107400.0,321700.0,106600.0,764800.0,,105700.0,171400.0,290300.0,127700.0,274500.0,526300.0,363700.0,173300.0,389500.0,167300.0,151800.0,138500.0,211400.0,126400.0,114500.0,572200.0,260300.0,103500.0,227000.0,995300.0,202400.0,397000.0,260200.0,127800.0,259700.0,216100.0,185600.0,297700.0,381000.0,86500.0
734000.0,925300.0,549300.0,278500.0,289700.0,734700.0,106800.0,318700.0,104500.0,764100.0,,103300.0,169600.0,286000.0,128100.0,271600.0,525200.0,362400.0,172000.0,388600.0,168600.0,149800.0,138000.0,208600.0,125700.0,112800.0,572500.0,259400.0,102400.0,228200.0,997300.0,200500.0,396500.0,258800.0,127000.0,257600.0,214100.0,184200.0,297200.0,379500.0,85500.0
740300.0,938100.0,552400.0,276200.0,292900.0,739700.0,107100.0,319500.0,104000.0,770700.0,,101300.0,169700.0,285600.0,130200.0,271700.0,528600.0,362600.0,173400.0,392400.0,172000.0,149500.0,138400.0,207500.0,125400.0,112300.0,578400.0,261900.0,102000.0,231100.0,1007200.0,200400.0,399000.0,261100.0,127300.0,258000.0,213600.0,184100.0,299100.0,381100.0,85000.0
744600.0,951900.0,555300.0,275600.0,296700.0,742500.0,107000.0,321300.0,105100.0,780400.0,,100600.0,170200.0,285800.0,131400.0,269200.0,531000.0,363100.0,174500.0,393000.0,173900.0,149400.0,138100.0,206700.0,125600.0,111400.0,581500.0,263000.0,102200.0,231600.0,1012700.0,200100.0,400200.0,262900.0,127100.0,258600.0,213800.0,183700.0,300500.0,381200.0,84900.0
750500.0,965400.0,551000.0,276200.0,301200.0,745400.0,106800.0,323200.0,107400.0,786300.0,,101500.0,171200.0,286900.0,132300.0,265600.0,529900.0,365300.0,175700.0,390300.0,172800.0,149400.0,137900.0,207500.0,126700.0,110400.0,582300.0,262300.0,102500.0,230500.0,1018300.0,200800.0,401100.0,262000.0,126800.0,258900.0,214900.0,183400.0,301600.0,384900.0,85800.0
760400.0,975900.0,545300.0,277700.0,305800.0,749700.0,107000.0,323300.0,109500.0,785600.0,,101200.0,172100.0,291900.0,134200.0,266500.0,529100.0,367800.0,176900.0,387100.0,172000.0,149500.0,138500.0,209000.0,128300.0,110200.0,581200.0,262100.0,100100.0,230200.0,1022800.0,205100.0,403600.0,259700.0,126500.0,258200.0,216000.0,184100.0,303500.0,393200.0,85900.0
771800.0,984500.0,546500.0,281400.0,310600.0,756200.0,108100.0,323400.0,111900.0,786600.0,,99900.0,172100.0,300900.0,136700.0,271300.0,531200.0,370400.0,177200.0,387800.0,171800.0,149400.0,139200.0,209900.0,129900.0,110300.0,576900.0,263300.0,98500.0,232000.0,1026100.0,209900.0,407700.0,258500.0,126200.0,258100.0,217000.0,185100.0,307500.0,400800.0,85500.0
780600.0,994100.0,552300.0,285600.0,315800.0,762400.0,109700.0,325100.0,114000.0,794400.0,,99600.0,171600.0,309700.0,139700.0,276400.0,533700.0,372300.0,177300.0,392400.0,171100.0,149300.0,139900.0,210800.0,131300.0,110500.0,573300.0,265500.0,98300.0,234500.0,1030100.0,215100.0,412000.0,258700.0,126900.0,259700.0,218300.0,186000.0,311100.0,406500.0,85500.0
787900.0,1001400.0,555400.0,288700.0,319800.0,767800.0,110900.0,326500.0,114500.0,803500.0,,99800.0,171700.0,314300.0,143000.0,280900.0,534900.0,373200.0,177400.0,401300.0,170400.0,149300.0,140900.0,212400.0,132000.0,111400.0,573800.0,268000.0,96700.0,235700.0,1028000.0,221200.0,415500.0,260000.0,128300.0,262300.0,219500.0,186100.0,313200.0,411800.0,85600.0
794100.0,1003100.0,552200.0,291600.0,321600.0,771000.0,111800.0,327600.0,114400.0,807200.0,,101100.0,172300.0,314600.0,145500.0,285700.0,536400.0,373600.0,177700.0,409700.0,170100.0,148800.0,142200.0,214100.0,133000.0,112500.0,574100.0,270700.0,95400.0,237300.0,1023500.0,223800.0,417500.0,261800.0,129600.0,264600.0,220500.0,185300.0,314100.0,416400.0,85200.0
798900.0,1002700.0,547700.0,295300.0,322700.0,772800.0,112500.0,329800.0,114400.0,807900.0,,102900.0,173100.0,314300.0,146100.0,289300.0,536800.0,373500.0,177900.0,413300.0,169200.0,148400.0,141700.0,215600.0,134000.0,112700.0,570700.0,272500.0,96200.0,239500.0,1020300.0,221500.0,418000.0,262600.0,130400.0,266400.0,221300.0,184200.0,315700.0,420700.0,85000.0
802300.0,1006300.0,547400.0,299700.0,324500.0,775200.0,113000.0,332100.0,113400.0,813000.0,,105100.0,173800.0,317200.0,147200.0,293300.0,537800.0,373100.0,178300.0,412200.0,167500.0,148700.0,140200.0,217300.0,134900.0,112300.0,569400.0,274000.0,95500.0,241500.0,1020500.0,220700.0,418800.0,262800.0,130900.0,268100.0,222900.0,183200.0,317700.0,424100.0,84600.0
806100.0,1013700.0,549900.0,304600.0,327400.0,779800.0,113300.0,334300.0,111300.0,821500.0,,106600.0,174900.0,320500.0,148900.0,297400.0,540500.0,373100.0,178600.0,412000.0,165800.0,149800.0,138800.0,219300.0,135500.0,112200.0,571800.0,275500.0,91600.0,242600.0,1027200.0,222200.0,420500.0,263900.0,131400.0,270200.0,225400.0,183400.0,319800.0,426100.0,83800.0
810900.0,1024800.0,556700.0,310800.0,331400.0,783000.0,113700.0,338400.0,110600.0,832100.0,,107800.0,178000.0,318300.0,150500.0,301500.0,544600.0,375000.0,180700.0,415700.0,164800.0,152300.0,139200.0,222300.0,135800.0,112600.0,570600.0,276700.0,88200.0,243400.0,1039300.0,223900.0,423500.0,266800.0,132000.0,273200.0,229200.0,184700.0,322400.0,429300.0,83000.0
817400.0,1038300.0,566800.0,317200.0,336300.0,787300.0,114500.0,344300.0,109200.0,841500.0,,107500.0,181900.0,314100.0,151500.0,306000.0,549300.0,380200.0,184600.0,418700.0,162400.0,155100.0,140300.0,225600.0,136200.0,112600.0,569000.0,278500.0,85700.0,245400.0,1044200.0,225600.0,429000.0,270100.0,133000.0,277300.0,233400.0,186600.0,325400.0,434600.0,82100.0
826800.0,1053900.0,574000.0,322100.0,341500.0,795700.0,116000.0,348900.0,107000.0,854600.0,,106700.0,185100.0,312400.0,151900.0,310500.0,556100.0,384400.0,189800.0,420700.0,159500.0,157300.0,142200.0,228900.0,136800.0,113000.0,570700.0,282800.0,83600.0,247400.0,1056400.0,229200.0,432700.0,274100.0,134700.0,282000.0,238400.0,188800.0,329100.0,441100.0,80600.0
837900.0,1070600.0,581200.0,327300.0,347500.0,803900.0,118000.0,353200.0,104700.0,874700.0,,105700.0,187900.0,315100.0,151300.0,315500.0,565100.0,386200.0,195300.0,427600.0,161000.0,159200.0,144700.0,232000.0,136900.0,114700.0,572200.0,290000.0,82100.0,249400.0,1077000.0,233700.0,432800.0,280300.0,137200.0,287500.0,244100.0,191000.0,334300.0,447000.0,78600.0
848100.0,1089900.0,588500.0,332800.0,353000.0,811800.0,119500.0,358900.0,103900.0,899700.0,1296700.0,105500.0,191200.0,320800.0,150900.0,320500.0,574700.0,391500.0,200700.0,434000.0,166400.0,161200.0,147300.0,235100.0,136700.0,116500.0,573500.0,297500.0,82900.0,251300.0,1094000.0,237200.0,433300.0,287800.0,139900.0,295000.0,250900.0,191900.0,340500.0,453500.0,77600.0
853800.0,1108100.0,591400.0,334100.0,356200.0,818500.0,119600.0,364300.0,102000.0,919400.0,1315900.0,105000.0,194900.0,326800.0,150700.0,323200.0,580100.0,400000.0,206100.0,432700.0,169900.0,162700.0,149500.0,237000.0,137200.0,117600.0,578400.0,302100.0,84700.0,252600.0,1104800.0,237900.0,434200.0,293400.0,141800.0,301500.0,257000.0,192600.0,344500.0,458700.0,78100.0
856700.0,1123700.0,591700.0,332100.0,357800.0,819600.0,119500.0,368200.0,99900.0,930000.0,1313900.0,103200.0,199400.0,329600.0,151100.0,324200.0,582600.0,408000.0,210900.0,426400.0,170100.0,163900.0,152100.0,238000.0,137800.0,118000.0,585400.0,306400.0,86500.0,252100.0,1113300.0,236300.0,433800.0,297700.0,142400.0,304700.0,261100.0,193600.0,346800.0,461900.0,78700.0
856600.0,1135100.0,591800.0,330400.0,359900.0,817000.0,119500.0,371800.0,98100.0,931900.0,1313500.0,99600.0,203600.0,329500.0,151400.0,325700.0,585300.0,413900.0,213700.0,419800.0,170200.0,164700.0,154700.0,238200.0,137800.0,117900.0,591100.0,311500.0,87800.0,250500.0,1126800.0,232000.0,433000.0,300000.0,141500.0,305400.0,263200.0,194600.0,347600.0,462300.0,78400.0
854400.0,1141000.0,589500.0,329000.0,362900.0,816100.0,119000.0,374000.0,98000.0,933700.0,1304200.0,95700.0,206000.0,329200.0,151500.0,326700.0,587800.0,416800.0,214300.0,413000.0,170900.0,165600.0,155700.0,237700.0,135800.0,117500.0,596400.0,314300.0,87500.0,247900.0,1147500.0,227800.0,434200.0,299500.0,139300.0,305100.0,264000.0,195600.0,347800.0,462200.0,77700.0
853000.0,1143900.0,587200.0,326700.0,366000.0,814900.0,118200.0,375300.0,98800.0,935400.0,1308000.0,94400.0,207400.0,331700.0,151800.0,326500.0,589400.0,415400.0,214800.0,410900.0,171600.0,166000.0,156300.0,238100.0,132500.0,117400.0,601600.0,313000.0,86000.0,246900.0,1162500.0,225800.0,437800.0,298900.0,137600.0,304300.0,264700.0,196900.0,348400.0,462400.0,77100.0
856200.0,1145800.0,587300.0,324800.0,368400.0,814200.0,117600.0,376300.0,100600.0,935400.0,1317300.0,95000.0,209000.0,336100.0,152300.0,325600.0,592900.0,413700.0,216500.0,414100.0,171400.0,166400.0,157800.0,239500.0,129800.0,117400.0,606500.0,311900.0,84400.0,245200.0,1164700.0,224700.0,443200.0,300000.0,136700.0,304800.0,265700.0,198300.0,350200.0,464300.0,76600.0
859700.0,1147500.0,588500.0,324300.0,368500.0,814600.0,117700.0,377300.0,103000.0,934300.0,1319400.0,94900.0,210500.0,339900.0,153200.0,324900.0,597200.0,412600.0,218300.0,418400.0,171000.0,166600.0,159700.0,241300.0,129300.0,118000.0,609600.0,313200.0,83500.0,240600.0,1166200.0,223400.0,447400.0,301400.0,136300.0,306800.0,266800.0,199200.0,352000.0,464800.0,77500.0
863900.0,1149900.0,589700.0,325600.0,367200.0,816100.0,118500.0,378300.0,106400.0,932600.0,1314700.0,95200.0,211800.0,344100.0,152600.0,324200.0,601400.0,412300.0,219300.0,420800.0,171300.0,166300.0,161100.0,242500.0,130200.0,118700.0,613800.0,316100.0,83700.0,236600.0,1172300.0,222900.0,451600.0,303400.0,136300.0,308700.0,267200.0,199100.0,353400.0,463700.0,80000.0
872900.0,1155200.0,593300.0,328000.0,367900.0,824200.0,119500.0,380200.0,109000.0,927700.0,1316100.0,96100.0,213500.0,348300.0,150100.0,324000.0,606100.0,412000.0,220900.0,424700.0,172900.0,166200.0,162800.0,244300.0,131000.0,119600.0,620600.0,318900.0,85300.0,235400.0,1183000.0,221800.0,457600.0,306700.0,137100.0,310200.0,267900.0,199100.0,355300.0,466500.0,82800.0
883300.0,1160100.0,602900.0,331100.0,370700.0,832600.0,120500.0,383300.0,109900.0,921100.0,1320600.0,96500.0,215900.0,353600.0,148600.0,325300.0,611100.0,414000.0,223400.0,433000.0,174700.0,167000.0,164700.0,246900.0,131100.0,120700.0,626700.0,322000.0,86700.0,236800.0,1187700.0,220100.0,465100.0,310300.0,137900.0,312100.0,268700.0,199700.0,358200.0,472900.0,84800.0
889500.0,1163300.0,614300.0,334500.0,373200.0,835000.0,121400.0,386100.0,111400.0,915400.0,1315400.0,97400.0,218300.0,358800.0,151200.0,326900.0,614700.0,417100.0,225700.0,442700.0,175200.0,167800.0,165600.0,249700.0,131200.0,122000.0,630800.0,324800.0,87800.0,239800.0,1189700.0,219400.0,472300.0,313700.0,138400.0,313800.0,269800.0,200600.0,361400.0,476800.0,85900.0
892800.0,1167700.0,624400.0,337600.0,374700.0,835800.0,122400.0,387300.0,114700.0,913100.0,1312800.0,98700.0,220300.0,362000.0,155400.0,327100.0,619300.0,418100.0,227700.0,453400.0,175200.0,168500.0,166400.0,252700.0,131900.0,123300.0,635300.0,326300.0,90400.0,243200.0,1192900.0,221100.0,477900.0,316400.0,139500.0,314300.0,271100.0,201800.0,363400.0,477100.0,87200.0
893600.0,1173900.0,634700.0,339200.0,375500.0,838600.0,124000.0,386600.0,117900.0,915600.0,1326100.0,98000.0,222200.0,361500.0,159200.0,326300.0,621500.0,415800.0,229900.0,463000.0,175700.0,169300.0,167800.0,255700.0,131200.0,124900.0,641100.0,327000.0,93300.0,244800.0,1200300.0,222500.0,481600.0,318400.0,140700.0,314200.0,272300.0,202500.0,364300.0,476800.0,88200.0
891300.0,1175100.0,644400.0,340500.0,375400.0,840800.0,125300.0,386000.0,118600.0,921000.0,1349700.0,96800.0,223300.0,360800.0,160200.0,324500.0,620600.0,413600.0,231300.0,470100.0,176400.0,169900.0,168700.0,257900.0,129700.0,126200.0,643200.0,325700.0,95000.0,247200.0,1214000.0,223000.0,484800.0,318700.0,141400.0,314400.0,272900.0,202800.0,364700.0,476600.0,88600.0
889900.0,1173500.0,651700.0,343300.0,374200.0,843600.0,126000.0,385400.0,118000.0,924800.0,1364700.0,95800.0,223700.0,362000.0,160000.0,321800.0,619200.0,415600.0,231400.0,473100.0,176900.0,170100.0,168700.0,259700.0,129000.0,127300.0,644900.0,322400.0,95500.0,251500.0,1234900.0,225400.0,489000.0,317900.0,141900.0,315100.0,273700.0,203900.0,364800.0,475200.0,89500.0
891500.0,1175500.0,657600.0,346200.0,372900.0,846900.0,127300.0,383900.0,117900.0,924700.0,1374700.0,95300.0,224300.0,364300.0,158900.0,320400.0,618200.0,419100.0,230800.0,472700.0,178600.0,170300.0,169200.0,261400.0,129400.0,128500.0,647600.0,320000.0,95800.0,256600.0,1253400.0,232400.0,491800.0,317300.0,142800.0,316600.0,275400.0,205600.0,365200.0,472200.0,90800.0
893000.0,1178500.0,662000.0,348200.0,372400.0,847800.0,129300.0,381600.0,119700.0,923300.0,1381300.0,96200.0,225200.0,363700.0,157900.0,319900.0,616700.0,421600.0,230900.0,470500.0,181500.0,170600.0,170200.0,261800.0,130300.0,130000.0,651300.0,320100.0,96800.0,259200.0,1262200.0,242900.0,492100.0,317100.0,144000.0,317400.0,276400.0,205700.0,365100.0,469100.0,91100.0
893000.0,1176400.0,662200.0,350400.0,373100.0,846600.0,130900.0,380300.0,121600.0,920300.0,1382700.0,97500.0,225300.0,361100.0,158300.0,317800.0,616000.0,423400.0,231400.0,470100.0,183700.0,170500.0,171300.0,261100.0,131000.0,131300.0,651500.0,319400.0,98400.0,259800.0,1258200.0,253300.0,491300.0,316500.0,145000.0,316800.0,275500.0,204700.0,363600.0,467500.0,89500.0
895000.0,1174600.0,663700.0,351900.0,373900.0,847500.0,131800.0,379400.0,122200.0,920600.0,1376900.0,98400.0,225800.0,358500.0,160200.0,315300.0,615700.0,425400.0,232500.0,471300.0,185400.0,170800.0,173000.0,261100.0,131000.0,132300.0,649500.0,318400.0,100100.0,262000.0,1253400.0,261000.0,490300.0,316100.0,146300.0,316000.0,274400.0,204600.0,361800.0,467200.0,86800.0
901200.0,1178500.0,668700.0,353700.0,375000.0,857300.0,132600.0,379800.0,121300.0,925800.0,1375200.0,100600.0,227300.0,358000.0,163100.0,314700.0,617400.0,428200.0,234400.0,472800.0,187900.0,172300.0,175400.0,262300.0,131600.0,133300.0,648700.0,318400.0,103100.0,267300.0,1258900.0,267300.0,490300.0,317000.0,147800.0,316900.0,274500.0,205600.0,361600.0,471900.0,85000.0
909400.0,1185700.0,673800.0,359000.0,376800.0,869700.0,133600.0,381900.0,120900.0,933800.0,1381100.0,103500.0,229300.0,358600.0,167300.0,315100.0,623000.0,431400.0,237000.0,474700.0,191400.0,174800.0,178200.0,263700.0,133100.0,134600.0,651900.0,318300.0,107800.0,274300.0,1270000.0,274900.0,489700.0,318400.0,149100.0,318700.0,274600.0,206700.0,362700.0,478500.0,84700.0
915000.0,1192900.0,677100.0,365500.0,378900.0,876500.0,134600.0,385000.0,121300.0,937800.0,1386900.0,105500.0,231200.0,360000.0,170000.0,316100.0,630500.0,433100.0,239600.0,477800.0,195300.0,177400.0,181300.0,265100.0,133500.0,136600.0,655800.0,318000.0,112700.0,279500.0,1279800.0,282400.0,488900.0,319400.0,149900.0,320100.0,274700.0,208100.0,364300.0,483700.0,85000.0
916700.0,1198800.0,682900.0,368400.0,380900.0,880900.0,135600.0,388100.0,121600.0,939000.0,1378400.0,106600.0,233000.0,362000.0,169000.0,317400.0,637700.0,433400.0,241900.0,481300.0,199100.0,179800.0,183700.0,266800.0,133000.0,138500.0,658000.0,319000.0,118000.0,283400.0,1293000.0,287900.0,490200.0,320000.0,150700.0,320900.0,274500.0,210500.0,365300.0,484900.0,85400.0
917700.0,1200400.0,688200.0,369500.0,382100.0,888800.0,136300.0,390100.0,119900.0,940500.0,1353600.0,107900.0,233800.0,362700.0,162700.0,318700.0,641600.0,429000.0,243000.0,482700.0,201200.0,181500.0,184400.0,267900.0,132400.0,139900.0,651100.0,320800.0,122200.0,285700.0,1294200.0,290900.0,493700.0,320700.0,151500.0,322100.0,273200.0,213000.0,364800.0,485200.0,85100.0
919800.0,1198900.0,692500.0,372600.0,382500.0,898300.0,136200.0,391100.0,117600.0,942100.0,1331200.0,110500.0,234300.0,361500.0,154400.0,318900.0,644800.0,424500.0,243300.0,483200.0,201800.0,182100.0,184200.0,268000.0,132600.0,140800.0,638100.0,321900.0,123900.0,286800.0,1280300.0,294900.0,495800.0,320700.0,152200.0,323300.0,271400.0,214500.0,362800.0,484900.0,84300.0
925800.0,1200200.0,698400.0,377900.0,383900.0,906700.0,136400.0,391900.0,116700.0,942500.0,1326800.0,114900.0,235400.0,360100.0,146900.0,320100.0,653900.0,423900.0,244600.0,485700.0,203300.0,182700.0,184200.0,268800.0,134200.0,142600.0,630000.0,322000.0,124700.0,286200.0,1270700.0,300700.0,499300.0,320700.0,154000.0,324400.0,271400.0,215000.0,361600.0,490600.0,84200.0
937100.0,1207400.0,708200.0,384400.0,387600.0,914500.0,138000.0,393600.0,116700.0,944000.0,1337000.0,119600.0,237400.0,359400.0,140600.0,322600.0,670200.0,422700.0,247900.0,490200.0,205400.0,183900.0,184400.0,270800.0,136300.0,145300.0,627200.0,322100.0,125900.0,287100.0,1276500.0,306000.0,503100.0,321500.0,157000.0,325800.0,273300.0,214400.0,362000.0,501700.0,84800.0
948200.0,1218600.0,717300.0,390100.0,391900.0,922600.0,140000.0,395100.0,115400.0,948400.0,1348700.0,123100.0,239500.0,360700.0,135200.0,325500.0,685100.0,421500.0,251600.0,497100.0,207700.0,185500.0,184600.0,272600.0,137400.0,148000.0,622500.0,323600.0,127900.0,288400.0,1281500.0,306500.0,506000.0,323600.0,159800.0,326900.0,275800.0,213700.0,362200.0,512900.0,85200.0
951000.0,1226600.0,726400.0,393900.0,395700.0,929400.0,140800.0,395200.0,113000.0,950700.0,1353600.0,124700.0,240600.0,362500.0,131100.0,327600.0,696700.0,422500.0,253600.0,504800.0,209500.0,186400.0,185600.0,273700.0,138100.0,149100.0,616900.0,326700.0,130000.0,288700.0,1287600.0,304900.0,508800.0,326600.0,161300.0,326600.0,277400.0,214500.0,361000.0,519300.0,85600.0
952500.0,1230700.0,734700.0,398500.0,400500.0,935000.0,141300.0,396300.0,111000.0,951900.0,1352300.0,123800.0,240700.0,362500.0,127700.0,329900.0,707500.0,424300.0,254600.0,511100.0,210500.0,187100.0,186400.0,274700.0,138900.0,149600.0,615100.0,330400.0,132200.0,288000.0,1304800.0,305200.0,512500.0,330100.0,162100.0,326300.0,278700.0,216200.0,359600.0,525200.0,86500.0
958600.0,1235400.0,739400.0,406100.0,408000.0,941200.0,142200.0,399800.0,110700.0,954800.0,1353300.0,122600.0,240900.0,364100.0,125700.0,332300.0,717900.0,427900.0,255200.0,515400.0,211400.0,188000.0,186900.0,275300.0,139600.0,150300.0,617100.0,333600.0,133900.0,290500.0,1314700.0,307900.0,514900.0,333500.0,162300.0,327400.0,279900.0,217900.0,360200.0,531000.0,88200.0
966200.0,1241300.0,736900.0,415000.0,416100.0,946400.0,143300.0,403600.0,110800.0,960400.0,1350200.0,120800.0,241500.0,370900.0,125100.0,333700.0,728300.0,433400.0,255900.0,521100.0,214600.0,188900.0,188000.0,276400.0,139500.0,151500.0,621700.0,336400.0,134800.0,293800.0,1311100.0,311500.0,516200.0,335800.0,162500.0,329700.0,280700.0,219900.0,362400.0,535700.0,89100.0
970400.0,1245700.0,732800.0,421900.0,421500.0,948900.0,144500.0,405500.0,111400.0,966600.0,1342000.0,119600.0,242400.0,378300.0,125100.0,334600.0,736300.0,436600.0,256600.0,526400.0,219000.0,189300.0,189800.0,277900.0,138800.0,152800.0,625500.0,339400.0,134000.0,293900.0,1306900.0,313300.0,517700.0,337400.0,163000.0,330500.0,281900.0,222300.0,363600.0,538700.0,89200.0
973900.0,1247000.0,731000.0,426700.0,424500.0,951700.0,146100.0,407000.0,112500.0,974900.0,1337700.0,119500.0,243700.0,385300.0,125200.0,336600.0,742400.0,441500.0,256900.0,529700.0,221800.0,189700.0,191300.0,279500.0,138600.0,154100.0,628800.0,342100.0,132300.0,291600.0,1309300.0,312800.0,522800.0,339100.0,163700.0,330300.0,284000.0,223900.0,362800.0,540700.0,89000.0
974700.0,1246700.0,730500.0,430400.0,427900.0,953900.0,147600.0,409100.0,113500.0,980100.0,1336200.0,119800.0,245000.0,389300.0,126300.0,339300.0,748600.0,449800.0,257000.0,529300.0,222700.0,190600.0,193000.0,280600.0,139100.0,155400.0,631100.0,343800.0,130400.0,288900.0,1307100.0,313100.0,530700.0,340600.0,164300.0,330800.0,285900.0,224600.0,362300.0,543600.0,89600.0
972600.0,1245700.0,730800.0,434700.0,433400.0,954600.0,149000.0,411300.0,113000.0,976500.0,1338300.0,119300.0,245900.0,387700.0,129400.0,340900.0,753600.0,458500.0,257400.0,527000.0,223700.0,191900.0,195500.0,281800.0,139600.0,157200.0,636300.0,344300.0,128700.0,289500.0,1318900.0,315800.0,536600.0,341800.0,164400.0,332200.0,287400.0,225000.0,363400.0,548600.0,90100.0
974300.0,1246000.0,735500.0,439000.0,440500.0,957200.0,150100.0,413500.0,113100.0,973600.0,1347900.0,119300.0,246300.0,383600.0,132300.0,342300.0,753300.0,464300.0,259000.0,526300.0,227300.0,193200.0,198700.0,283300.0,140000.0,159500.0,641600.0,344600.0,127600.0,294200.0,1339700.0,319000.0,539500.0,344500.0,164200.0,333200.0,289000.0,225200.0,366000.0,556500.0,90800.0
980800.0,1247700.0,740000.0,442800.0,448000.0,963900.0,150800.0,417600.0,114700.0,980600.0,1369100.0,118900.0,246700.0,383800.0,133000.0,344000.0,749300.0,467700.0,261200.0,528600.0,233100.0,194500.0,202200.0,284900.0,140100.0,161100.0,645900.0,346400.0,127400.0,300000.0,1354000.0,322200.0,541600.0,348500.0,164700.0,334000.0,290300.0,224700.0,369300.0,564300.0,91300.0
988000.0,1252900.0,740100.0,445200.0,454900.0,972200.0,151700.0,423500.0,118800.0,994000.0,1400700.0,119100.0,247300.0,385900.0,134800.0,346400.0,746700.0,469900.0,263400.0,532400.0,238900.0,195900.0,205700.0,286500.0,140200.0,161800.0,650500.0,349600.0,128800.0,303700.0,1357700.0,326500.0,544600.0,353400.0,165900.0,334700.0,291100.0,225100.0,373400.0,570100.0,91900.0
994700.0,1260900.0,741500.0,447700.0,461100.0,982000.0,152300.0,431200.0,123800.0,1006800.0,1431400.0,120300.0,248600.0,387600.0,140800.0,348800.0,749200.0,472100.0,265400.0,535700.0,242200.0,197800.0,209900.0,288200.0,140900.0,162600.0,661200.0,351800.0,131200.0,306300.0,1361700.0,333200.0,547500.0,358300.0,167500.0,335200.0,291600.0,225700.0,377500.0,573900.0,92500.0
998700.0,1267900.0,746100.0,448000.0,464500.0,989700.0,152100.0,437400.0,126900.0,1018700.0,1448800.0,120600.0,249800.0,390000.0,148200.0,349900.0,753400.0,476200.0,267300.0,536500.0,243800.0,199400.0,213900.0,289100.0,142000.0,163600.0,675600.0,352100.0,133500.0,308400.0,1365600.0,340000.0,548600.0,361200.0,168500.0,336100.0,292400.0,225300.0,380100.0,576600.0,93100.0
997000.0,1272600.0,749500.0,445400.0,464400.0,991200.0,151400.0,440100.0,128100.0,1025300.0,1453100.0,120700.0,250200.0,393700.0,151800.0,350300.0,756000.0,478500.0,268300.0,533300.0,244500.0,200100.0,216500.0,289300.0,142600.0,164500.0,690300.0,351200.0,135200.0,311400.0,1370100.0,342300.0,548200.0,361600.0,169100.0,336700.0,293800.0,224400.0,381700.0,577200.0,93700.0
993700.0,1276600.0,754800.0,445000.0,464200.0,992100.0,151600.0,442300.0,128300.0,1027500.0,1455500.0,121400.0,250300.0,396800.0,151200.0,351900.0,759800.0,478700.0,270100.0,530800.0,244600.0,200400.0,217300.0,290300.0,142600.0,165000.0,700700.0,350700.0,136500.0,313900.0,1373100.0,341900.0,553700.0,361300.0,169800.0,337100.0,295900.0,223700.0,383200.0,579700.0,93900.0
991300.0,1280300.0,765800.0,447900.0,464700.0,994100.0,152900.0,445800.0,127600.0,1028200.0,1459600.0,121600.0,250500.0,398100.0,151100.0,353600.0,762700.0,475700.0,272500.0,526000.0,243000.0,201300.0,217500.0,291500.0,141500.0,165000.0,708500.0,351300.0,136500.0,314700.0,1378100.0,343000.0,564300.0,361700.0,170600.0,337300.0,298800.0,222800.0,383600.0,583300.0,94600.0
989200.0,1282500.0,776600.0,450600.0,464400.0,996300.0,153800.0,449000.0,127100.0,1031500.0,1461300.0,121200.0,250900.0,398800.0,152100.0,355000.0,764000.0,471300.0,274500.0,520200.0,240700.0,201800.0,218100.0,293100.0,141100.0,164900.0,713100.0,352800.0,135700.0,315200.0,1388300.0,347400.0,572200.0,362400.0,171300.0,338500.0,301600.0,222100.0,384300.0,586900.0,95900.0
991300.0,1286000.0,785900.0,453700.0,464300.0,1000600.0,154600.0,450700.0,127900.0,1035700.0,1458300.0,121600.0,252000.0,398800.0,152300.0,356700.0,767500.0,464100.0,276700.0,515700.0,239100.0,202100.0,219700.0,295300.0,142000.0,165000.0,716400.0,354500.0,135600.0,317500.0,1398600.0,353500.0,574800.0,362800.0,172300.0,340900.0,303300.0,222400.0,386700.0,592700.0,98000.0
999100.0,1289000.0,795500.0,457300.0,464100.0,1009000.0,156000.0,451500.0,128100.0,1041700.0,1465800.0,122900.0,253000.0,399900.0,149500.0,357200.0,773100.0,457200.0,279200.0,514500.0,237800.0,202100.0,221200.0,296800.0,143600.0,164900.0,719200.0,355100.0,135600.0,319200.0,1404600.0,357500.0,576100.0,362200.0,173000.0,342700.0,303400.0,223200.0,388300.0,599400.0,100600.0
1005500.0,1289800.0,798000.0,459600.0,462700.0,1015000.0,157600.0,452300.0,128200.0,1044200.0,1475200.0,125000.0,254300.0,402600.0,148200.0,355500.0,782000.0,454000.0,281200.0,514600.0,235700.0,202200.0,222400.0,297800.0,145300.0,164100.0,720800.0,355300.0,135600.0,320400.0,1412200.0,358700.0,575700.0,360700.0,173600.0,342900.0,302600.0,223600.0,388200.0,599700.0,103300.0
1007500.0,1287700.0,787100.0,461400.0,461200.0,1017600.0,158600.0,453600.0,129000.0,1041800.0,1473900.0,127200.0,255600.0,404200.0,150900.0,353000.0,794900.0,455200.0,282300.0,515900.0,233700.0,202600.0,223100.0,299200.0,146400.0,163300.0,721100.0,356200.0,136100.0,321400.0,1420700.0,359300.0,574600.0,359500.0,174500.0,342900.0,301500.0,223800.0,388200.0,596200.0,104700.0
1007800.0,1287400.0,776100.0,464300.0,459900.0,1020900.0,159500.0,456000.0,129100.0,1038100.0,1469500.0,128300.0,256400.0,401500.0,156700.0,351100.0,807000.0,454000.0,283400.0,515100.0,231600.0,203700.0,222900.0,300300.0,146200.0,163200.0,721400.0,357100.0,137300.0,323600.0,1426200.0,358700.0,573800.0,359200.0,175000.0,343400.0,300600.0,224300.0,388500.0,594100.0,105400.0
1009600.0,1291500.0,774900.0,466500.0,459200.0,1027800.0,160600.0,459100.0,128500.0,1039200.0,1472100.0,129100.0,257000.0,398200.0,159800.0,350000.0,813400.0,451900.0,284900.0,513600.0,230000.0,205600.0,223300.0,300800.0,145900.0,163800.0,721400.0,358000.0,139600.0,326900.0,1431000.0,358500.0,574400.0,360200.0,174900.0,345100.0,300100.0,226000.0,389700.0,595500.0,106800.0
1013300.0,1296600.0,777900.0,467900.0,458700.0,1034400.0,161700.0,461900.0,127900.0,1042000.0,1477800.0,129400.0,257600.0,398200.0,159400.0,350000.0,816200.0,450700.0,286100.0,514500.0,229800.0,207700.0,224600.0,301100.0,146100.0,164000.0,722000.0,359500.0,141800.0,330300.0,1436300.0,358500.0,576400.0,361800.0,174700.0,347600.0,299500.0,228200.0,391500.0,598000.0,109000.0
1018700.0,1299000.0,777900.0,470600.0,457900.0,1041300.0,162600.0,463100.0,127800.0,1045700.0,1486000.0,128300.0,258600.0,397100.0,155800.0,349900.0,816300.0,449600.0,286900.0,517700.0,230100.0,209000.0,226100.0,301200.0,145700.0,164300.0,722000.0,360200.0,142900.0,332300.0,1442400.0,355200.0,578500.0,363400.0,174600.0,350400.0,299000.0,229800.0,393500.0,598500.0,110400.0
1024400.0,1302700.0,778500.0,474500.0,457400.0,1051300.0,163500.0,464100.0,127100.0,1050800.0,1497300.0,127700.0,260500.0,393100.0,154100.0,350100.0,819300.0,450100.0,288300.0,521500.0,231100.0,210200.0,228700.0,302500.0,145100.0,164700.0,718900.0,360600.0,145200.0,334800.0,1452900.0,353400.0,579500.0,365500.0,174700.0,353900.0,299300.0,231100.0,395700.0,601500.0,111500.0
1030700.0,1306400.0,780500.0,475100.0,459000.0,1059300.0,164000.0,464200.0,126800.0,1050400.0,1508600.0,128000.0,262400.0,390800.0,151100.0,351500.0,819700.0,453000.0,289800.0,524100.0,233700.0,212000.0,231400.0,304900.0,145300.0,165200.0,715000.0,361400.0,148300.0,335500.0,1464600.0,352300.0,579700.0,368300.0,174700.0,356400.0,300800.0,232400.0,398400.0,605800.0,112800.0
1033800.0,1308500.0,782800.0,472600.0,462500.0,1060200.0,164000.0,463200.0,128000.0,1045000.0,1508100.0,129000.0,265100.0,389400.0,143700.0,354100.0,815400.0,455700.0,291000.0,526300.0,235700.0,213500.0,232700.0,307600.0,145500.0,166100.0,712500.0,361600.0,150300.0,334400.0,1472400.0,349000.0,579200.0,370800.0,174300.0,356900.0,303000.0,233000.0,400600.0,606700.0,113300.0
1030600.0,1307000.0,782800.0,470200.0,464300.0,1055300.0,163800.0,461100.0,129600.0,1039700.0,1493200.0,130300.0,267600.0,385900.0,136800.0,355500.0,811100.0,456200.0,291500.0,526300.0,236000.0,214000.0,232600.0,308700.0,144500.0,166700.0,709500.0,360400.0,150900.0,333000.0,1474500.0,345400.0,577600.0,371400.0,173500.0,356200.0,304000.0,232600.0,401300.0,604400.0,113000.0
